hall_1,hall_2,hall_3,flex_t,flex_i,flex_m,flex_r,flex_p,accel_x,accel_y,accel_z,gyro_x,gyro_y,gyro_z,hand,sign
3050.0,2464.0,2929.0,3912.0,3279.0,3718.0,4095.0,4095.0,-0.65,9.55,6.64,0.01,0.01,-0.16,0.0,f
3047.0,2467.0,2924.0,3925.0,3278.0,3693.0,4095.0,4095.0,-0.76,9.56,6.57,-0.0,-0.0,-0.16,0.0,f
3037.0,2462.0,2923.0,3921.0,3271.0,3691.0,4095.0,4095.0,-0.71,9.5,6.7,0.04,0.01,-0.16,0.0,f
3034.0,2461.0,2927.0,3931.0,3277.0,3709.0,4095.0,4095.0,-0.75,9.56,6.63,0.01,0.0,-0.15,0.0,f
3047.0,2480.0,2935.0,3914.0,3279.0,3675.0,4095.0,4095.0,-0.77,9.53,6.61,0.05,0.0,-0.17,0.0,f
3037.0,2491.0,2915.0,3920.0,3280.0,3664.0,4095.0,4095.0,-0.81,9.58,6.56,0.0,-0.02,-0.13,0.0,f
3043.0,2487.0,2923.0,3919.0,3291.0,3664.0,4095.0,4095.0,-0.75,9.58,6.65,0.03,0.02,-0.16,0.0,f
3045.0,2495.0,2939.0,3920.0,3279.0,3670.0,4095.0,4095.0,-0.73,9.55,6.64,0.02,0.0,-0.16,0.0,f
3047.0,2489.0,2928.0,3909.0,3287.0,3685.0,4095.0,4095.0,-0.74,9.54,6.56,0.01,-0.01,-0.17,0.0,f
3035.0,2481.0,2923.0,3927.0,3280.0,3652.0,4095.0,4095.0,-0.8,9.64,6.59,0.01,0.01,-0.15,0.0,f
3041.0,2490.0,2930.0,3933.0,3275.0,3660.0,4095.0,4095.0,-0.74,9.57,6.5,-0.0,0.01,-0.16,0.0,f
3033.0,2490.0,2930.0,3920.0,3287.0,3664.0,4095.0,4095.0,-0.74,9.57,6.54,0.05,0.0,-0.16,0.0,f
3033.0,2491.0,2925.0,3931.0,3281.0,3679.0,4095.0,4095.0,-0.72,9.6,6.54,0.02,0.01,-0.17,0.0,f
3051.0,2489.0,2918.0,3951.0,3280.0,3659.0,4095.0,4095.0,-0.77,9.53,6.65,0.03,-0.01,-0.16,0.0,f
3053.0,2485.0,2927.0,3939.0,3282.0,3669.0,4095.0,4095.0,-0.79,9.56,6.61,-0.01,-0.02,-0.17,0.0,f
3045.0,2499.0,2929.0,3933.0,3281.0,3674.0,4095.0,4095.0,-0.8,9.52,6.67,0.02,0.04,-0.15,0.0,f
3042.0,2480.0,2921.0,3936.0,3294.0,3664.0,4095.0,4095.0,-0.75,9.59,6.63,0.02,-0.01,-0.17,0.0,f
3041.0,2480.0,2928.0,3922.0,3293.0,3656.0,4095.0,4095.0,-0.75,9.61,6.65,0.03,0.0,-0.15,0.0,f
3039.0,2478.0,2919.0,3936.0,3295.0,3646.0,4095.0,4095.0,-0.84,9.58,6.55,0.0,0.0,-0.16,0.0,f
3033.0,2469.0,2929.0,3938.0,3280.0,3655.0,4095.0,4095.0,-0.82,9.53,6.66,0.02,0.02,-0.15,0.0,f
3045.0,2767.0,2923.0,3959.0,3166.0,3831.0,4095.0,4095.0,-0.73,9.5,6.61,0.02,-0.04,-0.17,0.0,f
3058.0,2762.0,2921.0,3979.0,3161.0,3839.0,4095.0,4095.0,-0.82,9.53,6.56,-0.01,0.01,-0.15,0.0,f
3056.0,2768.0,2930.0,3952.0,3158.0,3830.0,4095.0,4095.0,-0.83,9.52,6.66,-0.0,-0.02,-0.16,0.0,f
3042.0,2765.0,2933.0,3970.0,3176.0,3817.0,4095.0,4095.0,-0.81,9.55,6.66,0.01,0.02,-0.16,0.0,f
3045.0,2764.0,2929.0,3982.0,3154.0,3835.0,4095.0,4095.0,-0.9,9.56,6.69,0.04,-0.0,-0.14,0.0,f
3040.0,2771.0,2926.0,3982.0,3162.0,3824.0,4095.0,4095.0,-0.76,9.56,6.54,0.02,0.01,-0.14,0.0,f
3047.0,2767.0,2928.0,3973.0,3167.0,3831.0,4095.0,4095.0,-0.73,9.58,6.53,0.04,0.0,-0.16,0.0,f
3041.0,2758.0,2933.0,3975.0,3159.0,3840.0,4095.0,4095.0,-0.74,9.56,6.48,0.0,-0.0,-0.14,0.0,f
3043.0,2768.0,2930.0,3979.0,3164.0,3824.0,4095.0,4095.0,-0.69,9.56,6.49,-0.01,0.0,-0.15,0.0,f
3039.0,2767.0,2923.0,3953.0,3158.0,3813.0,4095.0,4095.0,-0.74,9.56,6.55,-0.01,-0.0,-0.17,0.0,f
3053.0,2755.0,2928.0,3981.0,3167.0,3815.0,4095.0,4095.0,-0.79,9.5,6.67,0.01,0.03,-0.14,0.0,f
3046.0,2772.0,2923.0,3984.0,3151.0,3835.0,4095.0,4095.0,-0.77,9.55,6.53,-0.0,-0.03,-0.16,0.0,f
3044.0,2771.0,2935.0,3959.0,3153.0,3802.0,4095.0,4095.0,-0.72,9.61,6.53,-0.01,-0.03,-0.11,0.0,f
3055.0,2753.0,2924.0,3965.0,3144.0,3787.0,4095.0,4095.0,-0.63,9.54,6.73,-0.05,0.04,-0.16,0.0,f
3057.0,2755.0,2928.0,3952.0,3138.0,3785.0,4095.0,4095.0,-0.75,9.49,6.83,0.04,-0.03,-0.19,0.0,f
3040.0,2742.0,2928.0,3930.0,3153.0,3779.0,4095.0,4095.0,-0.81,9.48,6.68,0.01,-0.02,-0.19,0.0,f
3039.0,2759.0,2939.0,3935.0,3157.0,3783.0,4095.0,4095.0,-0.86,9.56,6.57,0.06,-0.01,-0.19,0.0,f
3045.0,2753.0,2928.0,3953.0,3150.0,3788.0,4095.0,4095.0,-0.92,9.55,6.51,0.0,-0.0,-0.15,0.0,f
3047.0,2762.0,2928.0,3950.0,3152.0,3775.0,4095.0,4095.0,-0.78,9.52,6.66,0.0,-0.0,-0.14,0.0,f
3038.0,2751.0,2941.0,3934.0,3158.0,3779.0,4095.0,4095.0,-0.72,9.57,6.63,-0.01,-0.01,-0.17,0.0,f
3040.0,2795.0,2923.0,4095.0,3314.0,3922.0,4095.0,4095.0,-0.81,9.53,6.68,0.02,0.0,-0.2,0.0,f
3037.0,2775.0,2928.0,4095.0,3312.0,3886.0,4095.0,4095.0,-0.81,9.48,6.6,-0.07,0.01,-0.18,0.0,f
3027.0,2795.0,2937.0,4095.0,3295.0,3891.0,4095.0,4095.0,-0.84,9.5,6.82,-0.04,0.02,-0.17,0.0,f
3042.0,2789.0,2928.0,4095.0,3299.0,3920.0,4095.0,4095.0,-0.82,9.42,6.95,-0.04,-0.0,-0.17,0.0,f
3043.0,2787.0,2928.0,4095.0,3318.0,3902.0,4095.0,4095.0,-0.93,9.42,7.08,0.01,0.02,-0.17,0.0,f
3051.0,2778.0,2931.0,4095.0,3302.0,3903.0,4095.0,4095.0,-0.91,9.46,6.91,0.02,-0.0,-0.16,0.0,f
3041.0,2787.0,2927.0,4095.0,3296.0,3906.0,4095.0,4095.0,-0.93,9.51,6.68,0.02,0.02,-0.14,0.0,f
3055.0,2787.0,2928.0,4095.0,3318.0,3876.0,4095.0,4095.0,-0.8,9.53,6.65,0.01,-0.04,-0.16,0.0,f
3054.0,2770.0,2937.0,4095.0,3317.0,3885.0,4095.0,4095.0,-0.85,9.46,6.82,0.0,0.01,-0.14,0.0,f
3056.0,2773.0,2928.0,4095.0,3326.0,3881.0,4095.0,4095.0,-0.84,9.44,6.83,0.02,-0.02,-0.16,0.0,f
3056.0,2789.0,2939.0,4095.0,3327.0,3892.0,4095.0,4095.0,-0.93,9.46,6.83,-0.0,0.04,-0.14,0.0,f
3051.0,2782.0,2930.0,4095.0,3333.0,3878.0,4095.0,4095.0,-0.82,9.51,6.8,0.01,-0.02,-0.15,0.0,f
3038.0,2778.0,2929.0,4095.0,3327.0,3892.0,4095.0,4095.0,-0.65,9.5,6.76,0.03,-0.02,-0.15,0.0,f
3045.0,2781.0,2939.0,4095.0,3331.0,3893.0,4095.0,4095.0,-0.75,9.5,6.73,0.01,0.05,-0.15,0.0,f
3041.0,2791.0,2929.0,4095.0,3344.0,3885.0,4095.0,4095.0,-0.77,9.5,6.81,0.04,-0.04,-0.15,0.0,f
3052.0,2787.0,2927.0,4095.0,3333.0,3893.0,4095.0,4095.0,-0.77,9.53,6.69,-0.0,0.02,-0.15,0.0,f
3038.0,2775.0,2928.0,4095.0,3328.0,3888.0,4095.0,4095.0,-0.87,9.5,6.75,0.03,-0.01,-0.15,0.0,f
3037.0,2773.0,2939.0,4095.0,3321.0,3903.0,4095.0,4095.0,-0.72,9.53,6.75,-0.0,0.02,-0.15,0.0,f
3045.0,2785.0,2946.0,4095.0,3344.0,3887.0,4095.0,4095.0,-0.88,9.43,6.92,-0.0,0.0,-0.13,0.0,f
3047.0,2795.0,2930.0,4095.0,3358.0,3921.0,4095.0,4095.0,-0.81,9.46,6.96,0.01,0.07,-0.11,0.0,f
3041.0,2802.0,2924.0,4095.0,3387.0,3921.0,4095.0,4095.0,-0.73,9.65,6.88,0.04,-0.01,-0.13,0.0,f
3043.0,2790.0,2944.0,4095.0,3376.0,3923.0,4095.0,4095.0,-0.81,9.56,6.87,0.05,0.02,-0.14,0.0,f
3044.0,2800.0,2926.0,4095.0,3371.0,3911.0,4095.0,4095.0,-0.76,9.59,6.84,0.06,-0.01,-0.15,0.0,f
3043.0,2801.0,2944.0,4095.0,3377.0,3921.0,4095.0,4095.0,-0.71,9.51,6.87,0.05,-0.01,-0.15,0.0,f
3039.0,2800.0,2934.0,4095.0,3383.0,3927.0,4095.0,4095.0,-0.84,9.54,6.82,0.02,0.02,-0.16,0.0,f
3045.0,2797.0,2927.0,4095.0,3386.0,3930.0,4095.0,4095.0,-0.96,9.53,6.86,0.05,-0.01,-0.14,0.0,f
3051.0,2786.0,2933.0,4095.0,3379.0,3906.0,4095.0,4095.0,-0.74,9.49,6.78,0.0,-0.01,-0.15,0.0,f
3036.0,2789.0,2931.0,4095.0,3390.0,3914.0,4095.0,4095.0,-0.75,9.49,6.85,0.03,-0.0,-0.14,0.0,f
3055.0,2796.0,2937.0,4095.0,3374.0,3897.0,4095.0,4095.0,-0.7,9.44,6.76,0.02,-0.0,-0.15,0.0,f
3043.0,2791.0,2925.0,4095.0,3363.0,3905.0,4095.0,4095.0,-0.8,9.51,6.71,0.03,0.01,-0.16,0.0,f
3047.0,2800.0,2927.0,4095.0,3376.0,3905.0,4095.0,4095.0,-0.82,9.47,6.75,0.01,-0.01,-0.15,0.0,f
3046.0,2800.0,2930.0,4095.0,3375.0,3911.0,4095.0,4095.0,-0.79,9.51,6.79,-0.0,-0.0,-0.17,0.0,f
3040.0,2782.0,2933.0,4095.0,3373.0,3911.0,4095.0,4095.0,-0.8,9.49,6.87,0.02,-0.05,-0.19,0.0,f
3042.0,2800.0,2928.0,4095.0,3389.0,3902.0,4095.0,4095.0,-0.89,9.48,6.87,0.01,0.07,-0.14,0.0,f
3045.0,2783.0,2929.0,4095.0,3376.0,3871.0,4095.0,4095.0,-0.89,9.49,6.75,0.01,-0.04,-0.16,0.0,f
3056.0,2783.0,2928.0,4095.0,3370.0,3910.0,4095.0,4095.0,-0.73,9.51,6.78,-0.0,0.05,-0.13,0.0,f
3035.0,2787.0,2943.0,4095.0,3376.0,3877.0,4095.0,4095.0,-0.75,9.47,6.87,-0.01,-0.02,-0.15,0.0,f
3056.0,2797.0,2931.0,4095.0,3376.0,3890.0,4095.0,4095.0,-0.8,9.49,6.89,0.03,0.02,-0.15,0.0,f
3031.0,2778.0,2928.0,4095.0,3361.0,3882.0,4095.0,4095.0,-0.89,9.5,6.8,-0.01,-0.01,-0.14,0.0,f
3042.0,2783.0,2930.0,4095.0,3366.0,3914.0,4095.0,4095.0,-0.82,9.5,6.76,0.01,-0.03,-0.15,0.0,f
3035.0,2704.0,2930.0,3783.0,3099.0,3797.0,4095.0,4095.0,-0.68,9.69,6.48,-0.01,-0.08,-0.16,0.0,f
3049.0,2719.0,2934.0,3809.0,3107.0,3824.0,4095.0,4095.0,-0.53,9.63,6.64,-0.01,0.04,-0.16,0.0,f
3033.0,2707.0,2928.0,3807.0,3100.0,3813.0,4095.0,4095.0,-0.74,9.52,6.64,-0.01,-0.02,-0.19,0.0,f
3044.0,2701.0,2928.0,3803.0,3107.0,3807.0,4095.0,4095.0,-0.65,9.63,6.51,0.01,-0.05,-0.17,0.0,f
3038.0,2711.0,2928.0,3823.0,3110.0,3798.0,4095.0,4095.0,-0.5,9.51,6.74,-0.05,0.02,-0.17,0.0,f
3029.0,2701.0,2928.0,3826.0,3093.0,3811.0,4095.0,4095.0,-0.92,9.47,6.95,-0.01,-0.02,-0.24,0.0,f
3051.0,2700.0,2930.0,3813.0,3121.0,3810.0,4095.0,4095.0,-0.92,9.52,6.63,0.04,-0.03,-0.21,0.0,f
3041.0,2713.0,2928.0,3824.0,3116.0,3798.0,4095.0,4095.0,-0.93,9.47,6.67,-0.02,-0.02,-0.2,0.0,f
3047.0,2724.0,2931.0,3820.0,3103.0,3790.0,4095.0,4095.0,-1.02,9.5,6.85,0.03,-0.02,-0.16,0.0,f
3035.0,2709.0,2926.0,3830.0,3119.0,3809.0,4095.0,4095.0,-0.8,9.46,6.64,0.01,0.0,-0.14,0.0,f
3041.0,2704.0,2926.0,3839.0,3107.0,3813.0,4095.0,4095.0,-0.57,9.6,6.44,0.01,-0.0,-0.17,0.0,f
3047.0,2703.0,2922.0,3839.0,3119.0,3807.0,4095.0,4095.0,-0.95,9.45,6.74,-0.03,-0.0,-0.19,0.0,f
3054.0,2710.0,2929.0,3826.0,3119.0,3819.0,4095.0,4095.0,-0.98,9.48,6.86,-0.01,0.02,-0.16,0.0,f
3041.0,2705.0,2942.0,3862.0,3118.0,3806.0,4095.0,4095.0,-0.87,9.58,6.63,0.02,-0.06,-0.17,0.0,f
3043.0,2695.0,2946.0,3873.0,3118.0,3823.0,4095.0,4095.0,-0.78,9.5,6.66,-0.1,0.06,-0.12,0.0,f
3035.0,2694.0,2929.0,3858.0,3120.0,3813.0,4095.0,4095.0,-0.79,9.51,6.93,0.01,0.0,-0.18,0.0,f
3041.0,2707.0,2928.0,3883.0,3121.0,3795.0,4095.0,4095.0,-0.89,9.44,6.87,0.02,0.01,-0.17,0.0,f
3056.0,2699.0,2928.0,3885.0,3134.0,3802.0,4095.0,4095.0,-0.92,9.53,6.68,0.03,-0.01,-0.19,0.0,f
3034.0,2695.0,2935.0,3879.0,3123.0,3822.0,4095.0,4095.0,-1.01,9.49,6.84,0.01,0.0,-0.16,0.0,f
3046.0,2694.0,2927.0,3899.0,3122.0,3824.0,4095.0,4095.0,-1.01,9.5,6.8,0.02,0.01,-0.17,0.0,f
3037.0,2603.0,2916.0,3871.0,3294.0,3653.0,4095.0,4095.0,-0.76,9.65,5.85,0.01,0.04,-0.13,0.0,f
3045.0,2611.0,2927.0,3858.0,3293.0,3634.0,4095.0,4095.0,-0.71,9.68,5.77,-0.08,0.04,-0.05,0.0,f
3051.0,2626.0,2927.0,3867.0,3298.0,3636.0,4095.0,4095.0,-0.76,9.69,6.1,0.02,-0.06,-0.2,0.0,f
3054.0,2611.0,2938.0,3879.0,3301.0,3657.0,4095.0,4095.0,-0.65,9.67,5.91,0.03,0.07,-0.13,0.0,f
3042.0,2617.0,2929.0,3863.0,3305.0,3650.0,4095.0,4095.0,-0.66,9.72,5.85,0.03,-0.07,-0.19,0.0,f
3051.0,2624.0,2927.0,3859.0,3313.0,3647.0,4095.0,4095.0,-0.67,9.69,5.88,0.02,0.04,-0.15,0.0,f
3037.0,2626.0,2926.0,3856.0,3316.0,3652.0,4095.0,4095.0,-0.68,9.68,5.86,0.03,-0.01,-0.17,0.0,f
3035.0,2615.0,2927.0,3877.0,3308.0,3675.0,4095.0,4095.0,-0.72,9.76,5.77,-0.01,-0.02,-0.16,0.0,f
3031.0,2606.0,2930.0,3872.0,3312.0,3664.0,4095.0,4095.0,-0.76,9.72,6.05,0.09,0.02,-0.19,0.0,f
3053.0,2617.0,2937.0,3867.0,3316.0,3662.0,4095.0,4095.0,-0.66,9.79,5.69,0.05,0.03,-0.14,0.0,f
3053.0,2624.0,2925.0,3862.0,3297.0,3682.0,4095.0,4095.0,-0.77,9.57,5.88,0.0,0.02,-0.14,0.0,f
3038.0,2637.0,2931.0,3856.0,3335.0,3675.0,4095.0,4095.0,-0.76,9.74,5.76,-0.0,-0.03,-0.15,0.0,f
3051.0,2640.0,2934.0,3874.0,3328.0,3682.0,4095.0,4095.0,-0.8,9.65,5.87,-0.01,0.03,-0.12,0.0,f
3045.0,2653.0,2928.0,3877.0,3338.0,3676.0,4095.0,4095.0,-0.63,9.74,5.86,0.0,-0.03,-0.15,0.0,f
3055.0,2640.0,2941.0,3889.0,3335.0,3690.0,4095.0,4095.0,-0.72,9.67,5.96,0.01,0.05,-0.14,0.0,f
3031.0,2647.0,2929.0,3882.0,3335.0,3676.0,4095.0,4095.0,-0.62,9.82,5.88,-0.02,-0.07,-0.15,0.0,f
3029.0,2631.0,2925.0,3884.0,3324.0,3691.0,4095.0,4095.0,-0.71,9.73,5.87,0.07,-0.02,-0.23,0.0,f
3047.0,2640.0,2928.0,3879.0,3330.0,3683.0,4095.0,4095.0,-0.85,9.74,5.78,-0.02,-0.0,-0.15,0.0,f
3058.0,2637.0,2931.0,3874.0,3339.0,3685.0,4095.0,4095.0,-0.77,9.68,5.93,0.02,0.01,-0.14,0.0,f
3047.0,2647.0,2928.0,3886.0,3332.0,3673.0,4095.0,4095.0,-0.74,9.68,5.9,-0.02,0.01,-0.15,0.0,f
3038.0,2746.0,2927.0,3996.0,3383.0,3658.0,4095.0,4095.0,-0.83,9.58,5.64,-0.05,-0.05,-0.13,0.0,f
3048.0,2740.0,2921.0,3989.0,3387.0,3643.0,4095.0,4095.0,-0.94,9.73,5.78,0.04,0.01,-0.16,0.0,f
3047.0,2734.0,2923.0,3971.0,3364.0,3668.0,4095.0,4095.0,-0.83,9.61,5.88,-0.01,-0.02,-0.14,0.0,f
3049.0,2731.0,2928.0,3984.0,3367.0,3651.0,4095.0,4095.0,-0.95,9.77,5.77,0.03,0.01,-0.15,0.0,f
3053.0,2736.0,2928.0,3952.0,3385.0,3637.0,4095.0,4095.0,-0.82,9.7,5.66,0.03,-0.02,-0.16,0.0,f
3053.0,2726.0,2925.0,3959.0,3386.0,3653.0,4095.0,4095.0,-0.96,9.7,5.62,-0.02,0.02,-0.12,0.0,f
3043.0,2736.0,2923.0,4023.0,3379.0,3648.0,4095.0,4095.0,-0.94,9.66,5.84,-0.03,0.0,-0.14,0.0,f
3046.0,2729.0,2919.0,3984.0,3376.0,3648.0,4095.0,4095.0,-0.84,9.71,5.82,-0.0,0.01,-0.15,0.0,f
3056.0,2736.0,2929.0,3981.0,3375.0,3636.0,4095.0,4095.0,-0.95,9.7,5.82,-0.01,-0.01,-0.15,0.0,f
3043.0,2731.0,2928.0,4001.0,3369.0,3650.0,4095.0,4095.0,-1.0,9.71,5.87,0.02,0.02,-0.14,0.0,f
3043.0,2727.0,2923.0,4012.0,3357.0,3639.0,4095.0,4095.0,-0.85,9.68,5.84,0.02,-0.04,-0.14,0.0,f
3045.0,2733.0,2941.0,4012.0,3373.0,3659.0,4095.0,4095.0,-0.83,9.72,5.83,0.01,0.01,-0.15,0.0,f
3053.0,2736.0,2919.0,4042.0,3375.0,3673.0,4095.0,4095.0,-0.8,9.69,5.87,0.03,0.0,-0.14,0.0,f
3033.0,2721.0,2937.0,4017.0,3374.0,3661.0,4095.0,4095.0,-0.88,9.74,5.71,0.04,-0.01,-0.15,0.0,f
3035.0,2736.0,2930.0,4015.0,3376.0,3662.0,4095.0,4095.0,-0.9,9.79,5.54,-0.03,-0.07,-0.09,0.0,f
3041.0,2725.0,2916.0,3998.0,3376.0,3655.0,4095.0,4095.0,-0.9,9.74,5.75,-0.04,-0.02,-0.1,0.0,f
3035.0,2735.0,2926.0,4037.0,3381.0,3665.0,4095.0,4095.0,-0.76,9.8,5.85,-0.0,0.01,-0.13,0.0,f
3034.0,2736.0,2931.0,4017.0,3408.0,3674.0,4095.0,4095.0,-0.71,9.72,5.93,-0.0,0.03,-0.16,0.0,f
3037.0,2731.0,2934.0,4007.0,3392.0,3683.0,4095.0,4095.0,-0.8,9.73,5.96,0.0,-0.01,-0.16,0.0,f
3031.0,2734.0,2922.0,4046.0,3399.0,3682.0,4095.0,4095.0,-0.88,9.69,6.01,0.0,0.01,-0.18,0.0,f
3046.0,2733.0,2928.0,3988.0,3343.0,3775.0,4095.0,4095.0,-0.66,9.73,5.76,-0.01,0.01,-0.16,0.0,f
3039.0,2720.0,2928.0,4016.0,3354.0,3789.0,4095.0,4095.0,-0.68,9.79,5.84,0.01,0.0,-0.17,0.0,f
3047.0,2735.0,2929.0,4020.0,3351.0,3782.0,4095.0,4095.0,-0.8,9.68,5.94,0.03,-0.01,-0.15,0.0,f
3030.0,2734.0,2925.0,4013.0,3360.0,3786.0,4095.0,4095.0,-0.75,9.79,5.83,-0.01,0.01,-0.14,0.0,f
3035.0,2726.0,2936.0,4002.0,3364.0,3787.0,4095.0,4095.0,-0.76,9.69,5.97,0.03,0.02,-0.16,0.0,f
3035.0,2726.0,2917.0,4037.0,3356.0,3808.0,4095.0,4095.0,-0.77,9.7,5.94,0.02,-0.0,-0.15,0.0,f
3050.0,2720.0,2923.0,4026.0,3358.0,3802.0,4095.0,4095.0,-0.74,9.76,5.82,0.04,-0.01,-0.12,0.0,f
3034.0,2726.0,2932.0,4017.0,3365.0,3813.0,4095.0,4095.0,-0.61,9.8,5.77,0.02,0.02,-0.15,0.0,f
3051.0,2715.0,2928.0,4039.0,3362.0,3807.0,4095.0,4095.0,-0.69,9.73,5.82,0.02,0.03,-0.14,0.0,f
3045.0,2720.0,2927.0,4059.0,3374.0,3797.0,4095.0,4095.0,-0.63,9.77,5.71,0.03,-0.02,-0.14,0.0,f
3055.0,2714.0,2925.0,3984.0,3364.0,3791.0,4095.0,4095.0,-0.62,9.71,5.64,0.01,-0.02,-0.18,0.0,f
3043.0,2719.0,2918.0,3967.0,3370.0,3789.0,4095.0,4095.0,-0.83,9.72,5.83,-0.06,0.05,-0.13,0.0,f
3049.0,2705.0,2924.0,3991.0,3361.0,3790.0,4095.0,4095.0,-0.81,9.69,6.04,0.0,0.02,-0.15,0.0,f
3034.0,2713.0,2938.0,3991.0,3362.0,3793.0,4095.0,4095.0,-0.71,9.67,5.96,0.0,-0.06,-0.14,0.0,f
3039.0,2699.0,2939.0,3990.0,3374.0,3792.0,4095.0,4095.0,-0.67,9.73,5.94,0.02,0.06,-0.12,0.0,f
3047.0,2710.0,2928.0,4010.0,3369.0,3807.0,4095.0,4095.0,-0.7,9.62,5.94,0.01,-0.03,-0.15,0.0,f
3043.0,2708.0,2928.0,3990.0,3376.0,3788.0,4095.0,4095.0,-0.68,9.68,5.9,0.01,0.05,-0.14,0.0,f
3041.0,2705.0,2928.0,3983.0,3357.0,3771.0,4095.0,4095.0,-0.68,9.71,5.82,0.02,-0.06,-0.14,0.0,f
3044.0,2702.0,2926.0,3986.0,3357.0,3762.0,4095.0,4095.0,-0.77,9.73,5.96,-0.01,0.07,-0.09,0.0,f
3049.0,2691.0,2926.0,3991.0,3351.0,3728.0,4095.0,4095.0,-0.59,9.62,5.99,0.01,-0.07,-0.13,0.0,f
3035.0,2733.0,2932.0,3971.0,3362.0,3703.0,4095.0,4095.0,-0.62,9.76,5.86,-0.03,0.02,-0.12,0.0,f
3042.0,2741.0,2935.0,3987.0,3353.0,3711.0,4095.0,4095.0,-0.64,9.73,5.89,0.01,-0.01,-0.16,0.0,f
3047.0,2737.0,2932.0,3985.0,3355.0,3699.0,4095.0,4095.0,-0.68,9.75,5.71,-0.01,-0.02,-0.15,0.0,f
3061.0,2739.0,2929.0,3984.0,3353.0,3696.0,4095.0,4095.0,-0.68,9.67,5.84,-0.01,0.06,-0.13,0.0,f
3051.0,2738.0,2933.0,3990.0,3360.0,3706.0,4095.0,4095.0,-0.6,9.8,5.84,-0.04,-0.09,-0.17,0.0,f
3050.0,2738.0,2940.0,3983.0,3371.0,3696.0,4095.0,4095.0,-0.68,9.67,6.09,0.0,0.05,-0.15,0.0,f
3037.0,2746.0,2942.0,3966.0,3376.0,3702.0,4095.0,4095.0,-0.65,9.7,5.98,0.02,-0.03,-0.16,0.0,f
3049.0,2746.0,2928.0,4010.0,3362.0,3695.0,4095.0,4095.0,-0.68,9.74,5.87,0.01,0.02,-0.17,0.0,f
3047.0,2737.0,2927.0,4006.0,3373.0,3698.0,4095.0,4095.0,-0.71,9.79,5.86,0.03,-0.07,-0.15,0.0,f
3042.0,2735.0,2928.0,3990.0,3371.0,3694.0,4095.0,4095.0,-0.52,9.77,5.85,0.02,0.02,-0.14,0.0,f
3029.0,2745.0,2937.0,3989.0,3386.0,3707.0,4095.0,4095.0,-0.68,9.74,5.79,-0.01,-0.04,-0.16,0.0,f
3041.0,2751.0,2930.0,4014.0,3376.0,3711.0,4095.0,4095.0,-0.59,9.78,5.93,-0.03,0.02,-0.13,0.0,f
3039.0,2737.0,2927.0,3997.0,3373.0,3705.0,4095.0,4095.0,-0.68,9.78,5.9,-0.01,-0.03,-0.14,0.0,f
3041.0,2746.0,2941.0,3991.0,3378.0,3696.0,4095.0,4095.0,-0.49,9.76,5.85,0.0,0.01,-0.15,0.0,f
3041.0,2736.0,2941.0,4012.0,3363.0,3701.0,4095.0,4095.0,-0.61,9.68,6.01,-0.02,-0.0,-0.18,0.0,f
3039.0,2739.0,2931.0,3990.0,3375.0,3723.0,4095.0,4095.0,-0.67,9.76,5.9,0.01,-0.04,-0.18,0.0,f
3043.0,2734.0,2934.0,4026.0,3382.0,3696.0,4095.0,4095.0,-0.48,9.73,5.9,-0.07,-0.04,-0.13,0.0,f
3050.0,2748.0,2925.0,4005.0,3371.0,3709.0,4095.0,4095.0,-0.53,9.75,6.03,-0.01,-0.01,-0.17,0.0,f
3039.0,2726.0,2942.0,4034.0,3376.0,3721.0,4095.0,4095.0,-0.91,9.57,5.99,-0.03,-0.04,-0.17,0.0,f
3053.0,2736.0,2931.0,4011.0,3381.0,3660.0,4095.0,4095.0,-1.0,9.73,6.01,0.02,-0.04,-0.2,0.0,f
3042.0,2739.0,2924.0,3997.0,3360.0,3668.0,4095.0,4095.0,-0.65,9.89,5.82,0.03,-0.01,-0.15,0.0,f
3051.0,2749.0,2928.0,4002.0,3376.0,3677.0,4095.0,4095.0,-0.49,9.75,5.88,0.04,0.01,-0.14,0.0,f
3051.0,2747.0,2947.0,3986.0,3377.0,3690.0,4095.0,4095.0,-0.51,9.72,5.89,0.0,-0.02,-0.16,0.0,f
3046.0,2748.0,2927.0,4007.0,3359.0,3675.0,4095.0,4095.0,-0.59,9.72,6.01,0.04,0.03,-0.15,0.0,f
3051.0,2758.0,2930.0,3994.0,3366.0,3680.0,4095.0,4095.0,-0.52,9.68,5.93,-0.01,0.0,-0.16,0.0,f
3039.0,2752.0,2930.0,3989.0,3369.0,3675.0,4095.0,4095.0,-0.59,9.71,6.02,0.02,0.0,-0.16,0.0,f
3043.0,2736.0,2934.0,4004.0,3367.0,3693.0,4095.0,4095.0,-0.49,9.65,5.91,-0.02,-0.02,-0.14,0.0,f
3041.0,2751.0,2926.0,4017.0,3359.0,3677.0,4095.0,4095.0,-0.62,9.72,6.0,0.0,0.0,-0.19,0.0,f
3044.0,2747.0,2933.0,4021.0,3371.0,3680.0,4095.0,4095.0,-0.7,9.66,6.07,-0.01,0.0,-0.18,0.0,f
3050.0,2737.0,2932.0,4013.0,3371.0,3663.0,4095.0,4095.0,-0.79,9.65,6.15,0.02,0.01,-0.16,0.0,f
3056.0,2743.0,2927.0,4008.0,3365.0,3682.0,4095.0,4095.0,-0.61,9.64,6.05,0.0,-0.03,-0.13,0.0,f
3050.0,2753.0,2941.0,3999.0,3376.0,3666.0,4095.0,4095.0,-0.58,9.73,6.05,0.03,0.02,-0.13,0.0,f
3034.0,2736.0,2927.0,4031.0,3361.0,3668.0,4095.0,4095.0,-0.59,9.73,5.95,0.05,-0.02,-0.13,0.0,f
3056.0,2736.0,2930.0,4019.0,3370.0,3680.0,4095.0,4095.0,-0.4,9.72,5.98,0.04,0.0,-0.13,0.0,f
3049.0,2739.0,2928.0,4002.0,3370.0,3681.0,4095.0,4095.0,-0.58,9.66,5.94,-0.0,-0.02,-0.16,0.0,f
3043.0,2764.0,2928.0,3998.0,3370.0,3677.0,4095.0,4095.0,-0.61,9.71,5.99,0.03,0.02,-0.14,0.0,f
3044.0,2748.0,2929.0,4016.0,3376.0,3675.0,4095.0,4095.0,-0.51,9.64,5.92,-0.0,-0.03,-0.16,0.0,f
3053.0,2752.0,2931.0,4023.0,3373.0,3687.0,4095.0,4095.0,-0.66,9.69,5.97,0.02,0.03,-0.13,0.0,f
3038.0,2739.0,2928.0,4000.0,3375.0,3685.0,4095.0,4095.0,-0.39,9.71,5.89,0.01,-0.04,-0.12,0.0,f
3055.0,2747.0,2927.0,4013.0,3374.0,3680.0,4095.0,4095.0,-0.45,9.73,6.0,0.01,0.04,-0.13,0.0,f
3059.0,2789.0,2939.0,3911.0,3380.0,3841.0,4095.0,4095.0,-0.28,9.84,6.06,-0.0,0.01,-0.16,0.0,f
3029.0,2788.0,2930.0,3906.0,3389.0,3812.0,4095.0,4095.0,-0.11,9.72,6.08,0.0,0.01,-0.15,0.0,f
3051.0,2780.0,2935.0,3920.0,3385.0,3810.0,4095.0,4095.0,-0.11,9.71,6.08,-0.02,0.02,-0.19,0.0,f
3037.0,2768.0,2926.0,3922.0,3389.0,3802.0,4095.0,4095.0,-0.35,9.72,6.04,0.02,-0.04,-0.19,0.0,f
3042.0,2762.0,2933.0,3929.0,3376.0,3821.0,4095.0,4095.0,-0.15,9.64,6.24,-0.02,-0.04,-0.21,0.0,f
3058.0,2762.0,2923.0,3918.0,3376.0,3813.0,4095.0,4095.0,-0.24,9.69,6.31,-0.02,-0.03,-0.2,0.0,f
3054.0,2759.0,2931.0,3909.0,3382.0,3809.0,4095.0,4095.0,-0.49,9.71,6.24,0.02,0.03,-0.18,0.0,f
3040.0,2752.0,2938.0,3930.0,3381.0,3823.0,4095.0,4095.0,-0.45,9.65,6.09,0.0,-0.05,-0.17,0.0,f
3045.0,2755.0,2943.0,3946.0,3394.0,3813.0,4095.0,4095.0,-0.45,9.69,6.17,0.0,0.08,-0.14,0.0,f
3037.0,2771.0,2941.0,3911.0,3390.0,3823.0,4095.0,4095.0,-0.29,9.75,6.16,0.04,-0.07,-0.16,0.0,f
3055.0,2767.0,2928.0,3923.0,3382.0,3792.0,4095.0,4095.0,-0.17,9.69,6.17,0.0,0.05,-0.14,0.0,f
3051.0,2755.0,2942.0,3933.0,3377.0,3815.0,4095.0,4095.0,-0.29,9.73,6.18,0.05,-0.06,-0.16,0.0,f
3043.0,2768.0,2937.0,3924.0,3383.0,3799.0,4095.0,4095.0,-0.28,9.64,6.2,0.01,0.04,-0.13,0.0,f
3056.0,2763.0,2940.0,3943.0,3383.0,3794.0,4095.0,4095.0,-0.31,9.74,6.06,0.02,-0.0,-0.13,0.0,f
3037.0,2767.0,2928.0,3933.0,3379.0,3793.0,4095.0,4095.0,-0.25,9.66,6.13,0.02,0.01,-0.15,0.0,f
3056.0,2762.0,2927.0,3920.0,3386.0,3792.0,4095.0,4095.0,-0.34,9.68,6.15,0.0,-0.0,-0.15,0.0,f
3047.0,2755.0,2940.0,3920.0,3392.0,3798.0,4095.0,4095.0,-0.22,9.67,6.1,-0.0,-0.02,-0.15,0.0,f
3055.0,2749.0,2941.0,3942.0,3386.0,3793.0,4095.0,4095.0,-0.33,9.68,6.23,-0.01,0.02,-0.15,0.0,f
3042.0,2758.0,2935.0,3948.0,3382.0,3799.0,4095.0,4095.0,-0.24,9.67,6.23,0.02,-0.06,-0.17,0.0,f
3042.0,2742.0,2935.0,3948.0,3401.0,3783.0,4095.0,4095.0,-0.28,9.66,6.23,0.02,0.05,-0.15,0.0,f
3047.0,2702.0,2935.0,4087.0,3444.0,3760.0,4095.0,4095.0,-0.42,9.67,6.63,0.02,0.04,-0.15,0.0,f
3045.0,2686.0,2947.0,4094.0,3451.0,3742.0,4095.0,4095.0,-0.36,9.61,6.63,0.02,-0.07,-0.18,0.0,f
3039.0,2689.0,2929.0,4086.0,3454.0,3731.0,4095.0,4095.0,-0.41,9.63,6.5,0.0,0.08,-0.13,0.0,f
3051.0,2704.0,2945.0,4095.0,3444.0,3760.0,4095.0,4095.0,-0.51,9.55,6.54,-0.01,-0.08,-0.19,0.0,f
3052.0,2690.0,2938.0,4095.0,3461.0,3750.0,4095.0,4095.0,-0.47,9.62,6.57,-0.01,0.07,-0.14,0.0,f
3047.0,2690.0,2928.0,4095.0,3454.0,3734.0,4095.0,4095.0,-0.43,9.5,6.8,0.06,-0.08,-0.16,0.0,f
3051.0,2702.0,2933.0,4095.0,3455.0,3754.0,4095.0,4095.0,-0.27,9.64,6.38,-0.01,0.03,-0.13,0.0,f
3051.0,2693.0,2943.0,4095.0,3450.0,3776.0,4095.0,4095.0,-0.49,9.56,6.53,0.06,-0.03,-0.16,0.0,f
3040.0,2704.0,2935.0,4095.0,3463.0,3749.0,4095.0,4095.0,-0.36,9.62,6.4,-0.02,0.01,-0.14,0.0,f
3035.0,2708.0,2941.0,4095.0,3458.0,3760.0,4095.0,4095.0,-0.39,9.64,6.53,0.06,0.02,-0.16,0.0,f
3029.0,2703.0,2938.0,4095.0,3455.0,3769.0,4095.0,4095.0,-0.34,9.56,6.41,-0.03,-0.02,-0.16,0.0,f
3062.0,2705.0,2941.0,4095.0,3462.0,3749.0,4095.0,4095.0,-0.47,9.66,6.52,0.0,0.02,-0.15,0.0,f
3034.0,2709.0,2943.0,4095.0,3457.0,3757.0,4095.0,4095.0,-0.32,9.56,6.58,-0.02,-0.05,-0.16,0.0,f
3046.0,2705.0,2929.0,4095.0,3458.0,3760.0,4095.0,4095.0,-0.43,9.6,6.62,0.03,0.05,-0.15,0.0,f
3045.0,2704.0,2935.0,4095.0,3469.0,3753.0,4095.0,4095.0,-0.38,9.51,6.59,0.01,-0.05,-0.17,0.0,f
3047.0,2709.0,2929.0,4095.0,3472.0,3760.0,4095.0,4095.0,-0.48,9.65,6.52,0.05,0.02,-0.15,0.0,f
3035.0,2693.0,2942.0,4095.0,3457.0,3750.0,4095.0,4095.0,-0.37,9.57,6.5,0.02,-0.04,-0.15,0.0,f
3055.0,2683.0,2927.0,4095.0,3450.0,3753.0,4095.0,4095.0,-0.42,9.71,6.46,0.01,0.02,-0.16,0.0,f
3042.0,2693.0,2928.0,4095.0,3459.0,3743.0,4095.0,4095.0,-0.5,9.54,6.54,-0.01,0.0,-0.16,0.0,f
3044.0,2700.0,2943.0,4095.0,3451.0,3739.0,4095.0,4095.0,-0.42,9.62,6.57,-0.02,0.04,-0.13,0.0,f
3047.0,2421.0,2929.0,3853.0,3244.0,3516.0,4095.0,4095.0,-0.79,9.71,6.06,0.01,-0.0,-0.15,0.0,f
3036.0,2433.0,2928.0,3855.0,3254.0,3505.0,4095.0,4095.0,-0.72,9.69,6.08,-0.02,-0.01,-0.13,0.0,f
3042.0,2423.0,2932.0,3870.0,3255.0,3506.0,4095.0,4095.0,-0.91,9.65,6.27,0.02,0.02,-0.16,0.0,f
3037.0,2435.0,2937.0,3865.0,3248.0,3514.0,4095.0,4095.0,-0.92,9.57,6.15,-0.01,-0.06,-0.14,0.0,f
3038.0,2450.0,2935.0,3870.0,3250.0,3525.0,4095.0,4095.0,-0.95,9.66,6.23,0.02,0.04,-0.13,0.0,f
3053.0,2448.0,2939.0,3844.0,3263.0,3504.0,4095.0,4095.0,-0.78,9.59,6.27,0.02,-0.04,-0.13,0.0,f
3041.0,2451.0,2944.0,3867.0,3267.0,3514.0,4095.0,4095.0,-0.88,9.7,6.22,0.03,0.06,-0.13,0.0,f
3040.0,2451.0,2939.0,3882.0,3255.0,3517.0,4095.0,4095.0,-0.83,9.61,6.14,0.0,-0.05,-0.16,0.0,f
3042.0,2452.0,2930.0,3861.0,3264.0,3517.0,4095.0,4095.0,-0.85,9.69,6.23,0.01,0.03,-0.14,0.0,f
3047.0,2453.0,2923.0,3856.0,3281.0,3507.0,4095.0,4095.0,-0.76,9.67,6.15,-0.01,-0.01,-0.16,0.0,f
3039.0,2452.0,2943.0,3894.0,3277.0,3511.0,4095.0,4095.0,-0.82,9.68,6.15,-0.03,0.03,-0.14,0.0,f
3029.0,2459.0,2927.0,3881.0,3270.0,3512.0,4095.0,4095.0,-0.79,9.64,6.23,0.0,-0.02,-0.15,0.0,f
3040.0,2453.0,2944.0,3871.0,3280.0,3511.0,4095.0,4095.0,-0.84,9.67,6.25,0.01,0.01,-0.15,0.0,f
3052.0,2481.0,2928.0,3891.0,3278.0,3511.0,4095.0,4095.0,-0.92,9.67,6.21,0.02,0.04,-0.13,0.0,f
3038.0,2498.0,2941.0,3851.0,3273.0,3520.0,4095.0,4095.0,-0.86,9.62,6.23,0.02,-0.02,-0.1,0.0,f
3038.0,2498.0,2928.0,3887.0,3280.0,3504.0,4095.0,4095.0,-0.82,9.58,6.22,-0.02,0.02,-0.15,0.0,f
3038.0,2497.0,2927.0,3881.0,3273.0,3524.0,4095.0,4095.0,-0.77,9.73,6.15,0.01,0.02,-0.15,0.0,f
3046.0,2498.0,2923.0,3882.0,3281.0,3533.0,4095.0,4095.0,-0.77,9.58,6.22,-0.01,-0.01,-0.15,0.0,f
3043.0,2500.0,2938.0,3893.0,3274.0,3505.0,4095.0,4095.0,-0.75,9.73,6.24,-0.01,0.01,-0.14,0.0,f
3039.0,2495.0,2929.0,3887.0,3280.0,3527.0,4095.0,4095.0,-0.8,9.59,6.35,0.01,0.03,-0.14,0.0,f
3039.0,2538.0,2927.0,3891.0,3250.0,3627.0,4095.0,4095.0,-1.35,9.56,6.2,-0.03,0.01,-0.16,0.0,f
3055.0,2529.0,2935.0,3926.0,3253.0,3645.0,4095.0,4095.0,-1.2,9.72,6.06,0.01,-0.0,-0.15,0.0,f
3029.0,2545.0,2930.0,3918.0,3259.0,3650.0,4095.0,4095.0,-1.29,9.53,6.23,0.03,-0.0,-0.15,0.0,f
3047.0,2530.0,2928.0,3920.0,3249.0,3632.0,4095.0,4095.0,-1.15,9.62,6.08,0.03,-0.0,-0.15,0.0,f
3050.0,2527.0,2928.0,3920.0,3254.0,3632.0,4095.0,4095.0,-1.25,9.56,6.05,0.03,0.03,-0.14,0.0,f
3041.0,2530.0,2938.0,3921.0,3264.0,3635.0,4095.0,4095.0,-1.23,9.65,5.97,0.03,0.0,-0.15,0.0,f
3041.0,2530.0,2938.0,3894.0,3273.0,3624.0,4095.0,4095.0,-1.07,9.61,5.99,0.02,0.01,-0.11,0.0,f
3055.0,2535.0,2931.0,3933.0,3278.0,3632.0,4095.0,4095.0,-1.06,9.6,5.9,0.01,-0.02,-0.15,0.0,f
3054.0,2523.0,2931.0,3933.0,3250.0,3638.0,4095.0,4095.0,-1.29,9.69,5.82,0.01,0.05,-0.15,0.0,f
3043.0,2519.0,2928.0,3934.0,3262.0,3632.0,4095.0,4095.0,-1.32,9.59,6.02,-0.03,-0.01,-0.09,0.0,f
3044.0,2513.0,2929.0,4004.0,3274.0,3637.0,4095.0,4095.0,-1.1,9.65,6.21,-0.05,-0.19,-0.1,0.0,f
3046.0,2506.0,2919.0,3984.0,3275.0,3650.0,4095.0,4095.0,-0.7,9.56,6.03,-0.02,-0.15,-0.12,0.0,f
3045.0,2513.0,2930.0,4005.0,3273.0,3648.0,4095.0,4095.0,-1.17,9.7,5.99,0.04,0.19,-0.14,0.0,f
3040.0,2527.0,2927.0,3990.0,3281.0,3648.0,4095.0,4095.0,-1.16,9.57,6.04,-0.0,-0.07,-0.14,0.0,f
3038.0,2537.0,2925.0,3984.0,3275.0,3639.0,4095.0,4095.0,-1.14,9.66,6.12,-0.02,0.05,-0.15,0.0,f
3043.0,2525.0,2933.0,3993.0,3280.0,3659.0,4095.0,4095.0,-1.08,9.56,6.3,0.03,-0.03,-0.17,0.0,f
3046.0,2513.0,2923.0,3984.0,3283.0,3647.0,4095.0,4095.0,-1.04,9.64,6.08,0.0,0.03,-0.15,0.0,f
3051.0,2526.0,2929.0,4017.0,3269.0,3633.0,4095.0,4095.0,-1.19,9.61,6.14,0.04,-0.0,-0.16,0.0,f
3051.0,2515.0,2928.0,3995.0,3282.0,3642.0,4095.0,4095.0,-1.17,9.65,6.03,0.01,0.01,-0.14,0.0,f
3046.0,2527.0,2933.0,4010.0,3275.0,3634.0,4095.0,4095.0,-1.06,9.78,6.06,0.03,-0.06,-0.14,0.0,f
3047.0,2544.0,2929.0,3827.0,3170.0,3535.0,4095.0,4095.0,-1.02,9.69,6.07,-0.03,0.0,-0.14,0.0,f
3047.0,2535.0,2928.0,3847.0,3181.0,3550.0,4095.0,4095.0,-1.08,9.7,6.01,0.01,0.0,-0.15,0.0,f
3047.0,2528.0,2928.0,3847.0,3181.0,3546.0,4095.0,4095.0,-0.94,9.63,6.11,-0.02,-0.03,-0.15,0.0,f
3040.0,2531.0,2938.0,3845.0,3178.0,3538.0,4095.0,4095.0,-1.07,9.67,6.1,0.02,0.04,-0.14,0.0,f
3049.0,2523.0,2923.0,3840.0,3168.0,3541.0,4095.0,4095.0,-1.04,9.54,5.98,-0.05,-0.02,-0.12,0.0,f
3049.0,2518.0,2937.0,3849.0,3184.0,3557.0,4095.0,4095.0,-1.13,9.66,6.13,0.0,0.05,-0.15,0.0,f
3047.0,2513.0,2928.0,3847.0,3191.0,3557.0,4095.0,4095.0,-0.96,9.69,6.14,0.01,-0.05,-0.17,0.0,f
3045.0,2538.0,2939.0,3874.0,3194.0,3567.0,4095.0,4095.0,-0.91,9.6,6.23,0.0,0.07,-0.14,0.0,f
3045.0,2538.0,2937.0,3859.0,3190.0,3555.0,4095.0,4095.0,-1.0,9.62,6.13,0.01,0.08,-0.14,0.0,f
3039.0,2535.0,2925.0,3872.0,3200.0,3542.0,4095.0,4095.0,-1.1,9.69,5.98,-0.02,0.05,-0.1,0.0,f
3050.0,2534.0,2928.0,3879.0,3203.0,3548.0,4095.0,4095.0,-0.92,9.59,6.15,-0.01,-0.07,-0.14,0.0,f
3051.0,2541.0,2923.0,3860.0,3202.0,3568.0,4095.0,4095.0,-0.85,9.65,6.27,0.01,-0.04,-0.19,0.0,f
3047.0,2538.0,2931.0,3886.0,3199.0,3556.0,4095.0,4095.0,-1.03,9.5,6.4,-0.05,0.02,-0.11,0.0,f
3046.0,2527.0,2928.0,3877.0,3216.0,3549.0,4095.0,4095.0,-1.13,9.66,6.03,0.05,0.01,-0.17,0.0,f
3039.0,2525.0,2931.0,3856.0,3206.0,3549.0,4095.0,4095.0,-1.1,9.63,5.88,-0.0,0.01,-0.15,0.0,f
3039.0,2539.0,2922.0,3883.0,3200.0,3552.0,4095.0,4095.0,-0.92,9.67,6.15,-0.0,-0.02,-0.13,0.0,f
3043.0,2515.0,2928.0,3855.0,3207.0,3551.0,4095.0,4095.0,-0.8,9.57,6.34,-0.03,-0.01,-0.15,0.0,f
3027.0,2517.0,2929.0,3889.0,3211.0,3551.0,4095.0,4095.0,-0.96,9.68,6.33,0.03,-0.04,-0.16,0.0,f
3056.0,2503.0,2930.0,3887.0,3201.0,3541.0,4095.0,4095.0,-0.98,9.59,6.19,-0.01,0.05,-0.16,0.0,f
3044.0,2518.0,2940.0,3875.0,3199.0,3553.0,4095.0,4095.0,-1.12,9.65,6.16,0.01,-0.05,-0.16,0.0,f
3040.0,2603.0,2934.0,3991.0,3339.0,3581.0,4095.0,4095.0,-0.69,9.6,6.17,-0.01,0.06,-0.16,0.0,f
3040.0,2603.0,2934.0,3991.0,3339.0,3581.0,4095.0,4095.0,-0.69,9.6,6.17,-0.01,0.06,-0.16,0.0,f
3039.0,2601.0,2927.0,3981.0,3325.0,3568.0,4095.0,4095.0,-0.92,9.66,6.18,0.01,0.08,-0.15,0.0,f
3037.0,2595.0,2935.0,3990.0,3321.0,3567.0,4095.0,4095.0,-0.93,9.59,6.22,-0.0,-0.01,-0.14,0.0,f
3034.0,2592.0,2928.0,3995.0,3338.0,3568.0,4095.0,4095.0,-0.8,9.6,6.28,-0.0,0.01,-0.16,0.0,f
3053.0,2597.0,2921.0,3984.0,3344.0,3567.0,4095.0,4095.0,-0.89,9.66,6.24,0.05,-0.02,-0.16,0.0,f
3050.0,2589.0,2924.0,4002.0,3331.0,3568.0,4095.0,4095.0,-0.85,9.65,6.21,0.04,0.04,-0.14,0.0,f
3041.0,2602.0,2927.0,3984.0,3344.0,3525.0,4095.0,4095.0,-0.94,9.67,6.21,0.04,-0.01,-0.15,0.0,f
3038.0,2589.0,2928.0,3991.0,3327.0,3561.0,4095.0,4095.0,-0.92,9.61,6.11,0.03,0.04,-0.15,0.0,f
3043.0,2593.0,2928.0,3981.0,3327.0,3571.0,4095.0,4095.0,-1.0,9.6,6.15,0.02,-0.02,-0.16,0.0,f
3047.0,2592.0,2929.0,3970.0,3322.0,3577.0,4095.0,4095.0,-0.9,9.64,6.3,0.01,0.02,-0.14,0.0,f
3039.0,2610.0,2932.0,3983.0,3328.0,3574.0,4095.0,4095.0,-0.81,9.62,6.24,0.02,-0.02,-0.15,0.0,f
3051.0,2595.0,2928.0,3979.0,3343.0,3583.0,4095.0,4095.0,-0.89,9.65,6.28,0.02,0.05,-0.12,0.0,f
3049.0,2592.0,2931.0,4003.0,3326.0,3574.0,4095.0,4095.0,-0.79,9.6,6.26,0.03,-0.06,-0.15,0.0,f
3039.0,2589.0,2933.0,3984.0,3334.0,3577.0,4095.0,4095.0,-0.99,9.72,6.03,0.04,0.09,-0.15,0.0,f
3039.0,2592.0,2931.0,3984.0,3335.0,3575.0,4095.0,4095.0,-0.89,9.62,6.05,0.04,-0.05,-0.14,0.0,f
3047.0,2606.0,2927.0,3990.0,3344.0,3583.0,4095.0,4095.0,-0.83,9.67,6.02,-0.03,0.05,-0.12,0.0,f
3045.0,2606.0,2933.0,4018.0,3344.0,3599.0,4095.0,4095.0,-0.81,9.53,6.25,0.02,0.02,-0.15,0.0,f
3033.0,2587.0,2943.0,3993.0,3336.0,3569.0,4095.0,4095.0,-0.72,9.66,6.07,-0.02,-0.01,-0.12,0.0,f
3044.0,2604.0,2926.0,3979.0,3342.0,3600.0,4095.0,4095.0,-0.86,9.61,6.23,0.02,0.04,-0.13,0.0,f
3050.0,2635.0,2926.0,3850.0,3200.0,3603.0,4095.0,4095.0,-0.66,9.76,6.32,0.04,0.01,-0.15,0.0,f
3055.0,2634.0,2935.0,3837.0,3200.0,3597.0,4095.0,4095.0,-0.58,9.66,6.35,0.05,-0.05,-0.16,0.0,f
3040.0,2623.0,2928.0,3853.0,3184.0,3583.0,4095.0,4095.0,-0.69,9.65,6.35,-0.01,0.06,-0.15,0.0,f
3054.0,2625.0,2919.0,3853.0,3198.0,3601.0,4095.0,4095.0,-0.72,9.68,6.25,0.01,-0.02,-0.17,0.0,f
3043.0,2625.0,2928.0,3873.0,3191.0,3571.0,4095.0,4095.0,-0.83,9.67,6.18,0.0,-0.01,-0.15,0.0,f
3050.0,2625.0,2951.0,3858.0,3199.0,3563.0,4095.0,4095.0,-0.63,9.67,6.36,-0.03,-0.06,-0.16,0.0,f
3045.0,2608.0,2921.0,3879.0,3189.0,3555.0,4095.0,4095.0,-0.67,9.66,6.63,-0.02,0.04,-0.16,0.0,f
3054.0,2640.0,2922.0,3870.0,3198.0,3554.0,4095.0,4095.0,-0.78,9.59,6.42,0.05,-0.01,-0.18,0.0,f
3038.0,2610.0,2926.0,3857.0,3214.0,3567.0,4095.0,4095.0,-0.77,9.62,6.3,0.01,0.07,-0.15,0.0,f
3036.0,2608.0,2941.0,3861.0,3189.0,3568.0,4095.0,4095.0,-0.66,9.62,6.4,0.01,-0.05,-0.16,0.0,f
3043.0,2624.0,2927.0,3856.0,3198.0,3547.0,4095.0,4095.0,-0.81,9.63,6.47,-0.01,0.06,-0.14,0.0,f
3049.0,2626.0,2928.0,3859.0,3198.0,3541.0,4095.0,4095.0,-0.74,9.6,6.42,0.05,-0.06,-0.16,0.0,f
3045.0,2625.0,2929.0,3859.0,3197.0,3549.0,4095.0,4095.0,-0.62,9.58,6.35,0.01,0.03,-0.15,0.0,f
3041.0,2628.0,2925.0,3875.0,3198.0,3552.0,4095.0,4095.0,-0.81,9.64,6.3,0.05,-0.04,-0.16,0.0,f
3039.0,2618.0,2926.0,3861.0,3199.0,3546.0,4095.0,4095.0,-0.63,9.59,6.26,-0.01,0.02,-0.14,0.0,f
3030.0,2611.0,2928.0,3856.0,3199.0,3536.0,4095.0,4095.0,-0.52,9.61,6.37,-0.0,-0.02,-0.18,0.0,f
3051.0,2619.0,2928.0,3873.0,3200.0,3558.0,4095.0,4095.0,-0.82,9.52,6.51,-0.03,0.01,-0.17,0.0,f
3055.0,2618.0,2931.0,3888.0,3198.0,3552.0,4095.0,4095.0,-0.85,9.64,6.35,-0.01,-0.04,-0.14,0.0,f
3054.0,2618.0,2935.0,3874.0,3206.0,3527.0,4095.0,4095.0,-0.66,9.52,6.53,-0.01,0.0,-0.16,0.0,f
3046.0,2607.0,2928.0,3872.0,3205.0,3534.0,4095.0,4095.0,-0.91,9.68,6.36,0.02,0.02,-0.16,0.0,f
3058.0,2497.0,2926.0,3856.0,3282.0,3454.0,4095.0,4095.0,-0.86,9.52,6.33,0.01,0.0,-0.13,0.0,f
3056.0,2480.0,2927.0,3857.0,3281.0,3450.0,4095.0,4095.0,-0.94,9.65,6.38,0.04,0.01,-0.16,0.0,f
3042.0,2491.0,2926.0,3888.0,3280.0,3455.0,4095.0,4095.0,-0.93,9.58,6.24,0.03,-0.04,-0.16,0.0,f
3031.0,2500.0,2932.0,3920.0,3286.0,3456.0,4095.0,4095.0,-0.94,9.64,6.22,-0.01,0.04,-0.15,0.0,f
3040.0,2496.0,2930.0,3927.0,3289.0,3467.0,4095.0,4095.0,-1.01,9.5,6.37,-0.0,-0.03,-0.15,0.0,f
3049.0,2482.0,2920.0,3919.0,3283.0,3452.0,4095.0,4095.0,-0.94,9.61,6.44,-0.02,0.03,-0.14,0.0,f
3048.0,2478.0,2928.0,3929.0,3278.0,3465.0,4095.0,4095.0,-1.04,9.5,6.56,0.04,-0.01,-0.16,0.0,f
3053.0,2461.0,2932.0,3926.0,3287.0,3464.0,4095.0,4095.0,-0.96,9.56,6.3,0.01,0.03,-0.14,0.0,f
3059.0,2471.0,2935.0,3917.0,3282.0,3459.0,4095.0,4095.0,-0.89,9.54,6.32,0.01,-0.01,-0.15,0.0,f
3035.0,2475.0,2934.0,3942.0,3283.0,3456.0,4095.0,4095.0,-0.96,9.58,6.39,-0.02,-0.0,-0.14,0.0,f
3029.0,2465.0,2928.0,3941.0,3279.0,3445.0,4095.0,4095.0,-1.06,9.55,6.44,0.02,0.03,-0.16,0.0,f
3038.0,2448.0,2928.0,3915.0,3284.0,3462.0,4095.0,4095.0,-1.04,9.59,6.36,0.0,-0.01,-0.15,0.0,f
3039.0,2465.0,2925.0,3950.0,3285.0,3454.0,4095.0,4095.0,-0.94,9.55,6.44,0.01,0.01,-0.13,0.0,f
3043.0,2452.0,2929.0,3952.0,3263.0,3455.0,4095.0,4095.0,-0.9,9.55,6.42,0.0,-0.01,-0.15,0.0,f
3041.0,2464.0,2929.0,3952.0,3288.0,3458.0,4095.0,4095.0,-0.95,9.61,6.41,0.03,-0.0,-0.16,0.0,f
3039.0,2455.0,2935.0,3937.0,3288.0,3463.0,4095.0,4095.0,-0.95,9.57,6.39,-0.02,-0.0,-0.16,0.0,f
3042.0,2435.0,2928.0,3952.0,3286.0,3470.0,4095.0,4095.0,-1.05,9.62,6.39,0.01,-0.01,-0.15,0.0,f
3037.0,2437.0,2938.0,3949.0,3284.0,3458.0,4095.0,4095.0,-1.01,9.54,6.38,0.0,-0.01,-0.15,0.0,f
3038.0,2432.0,2937.0,3949.0,3296.0,3453.0,4095.0,4095.0,-0.88,9.65,6.42,-0.0,0.02,-0.14,0.0,f
3034.0,2444.0,2934.0,3955.0,3283.0,3469.0,4095.0,4095.0,-1.02,9.53,6.47,0.02,0.0,-0.16,0.0,f
3054.0,979.0,2907.0,3801.0,3151.0,3440.0,4095.0,4095.0,-0.62,9.82,6.07,-0.05,0.03,-0.14,0.0,f
3056.0,998.0,2922.0,3789.0,3159.0,3442.0,4095.0,4095.0,-0.39,9.63,6.36,-0.04,-0.01,-0.15,0.0,f
3035.0,983.0,2917.0,3774.0,3157.0,3441.0,4095.0,4095.0,-0.7,9.65,6.42,-0.04,-0.01,-0.24,0.0,f
3049.0,997.0,2916.0,3779.0,3154.0,3437.0,4095.0,4095.0,-0.8,9.65,6.47,-0.03,-0.02,-0.24,0.0,f
3041.0,987.0,2921.0,3799.0,3157.0,3439.0,4095.0,4095.0,-1.04,9.51,6.62,-0.05,-0.03,-0.21,0.0,f
3047.0,985.0,2928.0,3795.0,3158.0,3427.0,4095.0,4095.0,-1.0,9.58,6.62,-0.05,-0.02,-0.16,0.0,f
3049.0,987.0,2914.0,3794.0,3162.0,3440.0,4095.0,4095.0,-0.95,9.53,6.77,-0.02,-0.05,-0.15,0.0,f
3049.0,991.0,2925.0,3806.0,3172.0,3442.0,4095.0,4095.0,-0.69,9.6,6.65,0.02,-0.06,-0.14,0.0,f
3041.0,1002.0,2906.0,3813.0,3170.0,3438.0,4095.0,4095.0,-0.83,9.52,6.57,0.02,0.04,-0.16,0.0,f
3043.0,992.0,2925.0,3795.0,3159.0,3438.0,4095.0,4095.0,-0.9,9.63,6.49,0.05,-0.03,-0.16,0.0,f
3042.0,987.0,2914.0,3809.0,3168.0,3442.0,4095.0,4095.0,-0.86,9.56,6.47,-0.01,0.04,-0.15,0.0,f
3039.0,998.0,2913.0,3809.0,3179.0,3435.0,4095.0,4095.0,-0.88,9.58,6.58,0.04,-0.01,-0.14,0.0,f
3036.0,1001.0,2915.0,3824.0,3165.0,3443.0,4095.0,4095.0,-0.71,9.48,6.56,-0.03,-0.03,-0.13,0.0,f
3035.0,997.0,2927.0,3793.0,3174.0,3428.0,4095.0,4095.0,-0.83,9.67,6.61,0.05,0.06,-0.15,0.0,f
3046.0,1001.0,2919.0,3818.0,3183.0,3444.0,4095.0,4095.0,-0.85,9.49,6.56,0.02,-0.02,-0.17,0.0,f
3056.0,987.0,2917.0,3824.0,3178.0,3445.0,4095.0,4095.0,-0.79,9.63,6.53,0.03,0.02,-0.15,0.0,f
3056.0,986.0,2910.0,3804.0,3184.0,3431.0,4095.0,4095.0,-0.85,9.53,6.48,-0.01,-0.01,-0.15,0.0,f
3056.0,982.0,2921.0,3828.0,3185.0,3436.0,4095.0,4095.0,-0.8,9.59,6.6,0.03,-0.01,-0.15,0.0,f
3040.0,994.0,2925.0,3810.0,3186.0,3437.0,4095.0,4095.0,-0.75,9.53,6.51,0.01,0.01,-0.15,0.0,f
3035.0,997.0,2928.0,3798.0,3179.0,3443.0,4095.0,4095.0,-0.94,9.62,6.52,0.03,-0.01,-0.15,0.0,f
3055.0,960.0,2912.0,3717.0,3088.0,3425.0,4095.0,4095.0,-1.09,9.6,6.36,0.03,-0.02,-0.15,0.0,f
3046.0,975.0,2927.0,3722.0,3091.0,3434.0,4095.0,4095.0,-1.04,9.56,6.38,0.01,0.01,-0.16,0.0,f
3043.0,973.0,2915.0,3740.0,3092.0,3439.0,4095.0,4095.0,-1.23,9.59,6.51,0.03,-0.01,-0.16,0.0,f
3050.0,959.0,2922.0,3723.0,3111.0,3437.0,4095.0,4095.0,-1.13,9.56,6.39,-0.0,-0.01,-0.14,0.0,f
3050.0,976.0,2928.0,3731.0,3090.0,3440.0,4095.0,4095.0,-1.22,9.52,6.55,0.01,-0.01,-0.14,0.0,f
3041.0,960.0,2924.0,3733.0,3097.0,3428.0,4095.0,4095.0,-1.13,9.57,6.47,0.0,-0.0,-0.13,0.0,f
3039.0,970.0,2928.0,3733.0,3104.0,3430.0,4095.0,4095.0,-1.03,9.59,6.47,0.04,-0.01,-0.12,0.0,f
3047.0,976.0,2925.0,3728.0,3103.0,3440.0,4095.0,4095.0,-1.03,9.52,6.36,-0.01,0.03,-0.13,0.0,f
3045.0,975.0,2922.0,3726.0,3097.0,3441.0,4095.0,4095.0,-1.15,9.62,6.44,0.03,0.01,-0.17,0.0,f
3056.0,962.0,2921.0,3730.0,3103.0,3429.0,4095.0,4095.0,-1.15,9.57,6.35,0.03,0.0,-0.13,0.0,f
3031.0,963.0,2914.0,3735.0,3102.0,3440.0,4095.0,4095.0,-1.02,9.63,6.28,-0.02,-0.07,-0.13,0.0,f
3047.0,967.0,2926.0,3722.0,3112.0,3440.0,4095.0,4095.0,-0.76,9.56,6.55,-0.03,0.06,-0.1,0.0,f
3047.0,977.0,2933.0,3735.0,3098.0,3436.0,4095.0,4095.0,-1.03,9.5,6.58,0.03,0.0,-0.2,0.0,f
3037.0,965.0,2926.0,3737.0,3119.0,3442.0,4095.0,4095.0,-1.39,9.59,6.22,0.03,-0.04,-0.2,0.0,f
3044.0,967.0,2926.0,3741.0,3119.0,3445.0,4095.0,4095.0,-1.25,9.53,6.5,-0.03,0.04,-0.12,0.0,f
3057.0,964.0,2922.0,3743.0,3107.0,3438.0,4095.0,4095.0,-0.91,9.51,6.66,-0.01,-0.04,-0.14,0.0,f
3055.0,969.0,2941.0,3734.0,3121.0,3437.0,4095.0,4095.0,-1.0,9.56,6.53,0.03,0.05,-0.14,0.0,f
3048.0,965.0,2921.0,3755.0,3106.0,3439.0,4095.0,4095.0,-0.99,9.56,6.25,0.03,-0.02,-0.16,0.0,f
3031.0,961.0,2923.0,3749.0,3103.0,3435.0,4095.0,4095.0,-1.17,9.6,6.22,-0.0,-0.0,-0.18,0.0,f
3027.0,967.0,2917.0,3738.0,3108.0,3443.0,4095.0,4095.0,-1.3,9.53,6.47,-0.01,-0.03,-0.17,0.0,f
3047.0,2067.0,2925.0,3843.0,3300.0,3490.0,4095.0,4095.0,-1.05,9.7,6.31,0.03,-0.01,-0.13,0.0,f
3038.0,2041.0,2928.0,3861.0,3308.0,3489.0,4095.0,4095.0,-1.12,9.45,6.41,0.0,0.05,-0.15,0.0,f
3041.0,2043.0,2926.0,3870.0,3298.0,3501.0,4095.0,4095.0,-1.06,9.68,6.4,0.01,-0.02,-0.16,0.0,f
3042.0,2026.0,2933.0,3893.0,3291.0,3493.0,4095.0,4095.0,-1.1,9.56,6.39,0.06,-0.01,-0.17,0.0,f
3047.0,2039.0,2927.0,3879.0,3307.0,3499.0,4095.0,4095.0,-1.14,9.63,6.23,0.01,0.03,-0.13,0.0,f
3039.0,2033.0,2917.0,3875.0,3302.0,3500.0,4095.0,4095.0,-1.08,9.61,6.31,0.05,-0.03,-0.16,0.0,f
3039.0,2007.0,2931.0,3888.0,3306.0,3481.0,4095.0,4095.0,-1.03,9.57,6.29,-0.01,0.01,-0.14,0.0,f
3030.0,2027.0,2927.0,3888.0,3303.0,3499.0,4095.0,4095.0,-1.01,9.6,6.43,0.03,-0.01,-0.15,0.0,f
3042.0,2007.0,2928.0,3887.0,3311.0,3485.0,4095.0,4095.0,-1.14,9.54,6.39,0.02,0.0,-0.16,0.0,f
3044.0,2026.0,2931.0,3902.0,3311.0,3499.0,4095.0,4095.0,-1.13,9.59,6.24,0.01,0.01,-0.14,0.0,f
3051.0,2018.0,2930.0,3925.0,3311.0,3503.0,4095.0,4095.0,-1.11,9.6,6.23,-0.02,0.0,-0.14,0.0,f
3056.0,2006.0,2928.0,3906.0,3295.0,3502.0,4095.0,4095.0,-1.21,9.49,6.46,-0.02,0.01,-0.11,0.0,f
3047.0,2000.0,2927.0,3898.0,3308.0,3490.0,4095.0,4095.0,-0.99,9.59,6.49,0.02,-0.03,-0.18,0.0,f
3031.0,2002.0,2930.0,3899.0,3302.0,3503.0,4095.0,4095.0,-1.13,9.57,6.44,0.02,0.03,-0.16,0.0,f
3051.0,2007.0,2928.0,3904.0,3301.0,3505.0,4095.0,4095.0,-1.07,9.53,6.39,0.01,-0.01,-0.16,0.0,f
3045.0,1995.0,2928.0,3923.0,3298.0,3504.0,4095.0,4095.0,-1.12,9.61,6.38,0.02,-0.01,-0.16,0.0,f
3039.0,2017.0,2926.0,3930.0,3310.0,3502.0,4095.0,4095.0,-1.07,9.5,6.38,0.01,0.0,-0.15,0.0,f
3035.0,2007.0,2925.0,3925.0,3301.0,3504.0,4095.0,4095.0,-1.04,9.59,6.33,0.01,-0.01,-0.15,0.0,f
3046.0,2032.0,2929.0,3904.0,3299.0,3504.0,4095.0,4095.0,-1.05,9.6,6.34,0.01,0.02,-0.15,0.0,f
3037.0,2018.0,2928.0,3925.0,3307.0,3503.0,4095.0,4095.0,-1.09,9.6,6.28,0.02,-0.03,-0.17,0.0,f
3051.0,2394.0,2933.0,4014.0,3285.0,3579.0,4095.0,4095.0,-1.21,9.53,6.24,0.01,-0.02,-0.15,0.0,f
3055.0,2391.0,2927.0,4007.0,3286.0,3568.0,4095.0,4095.0,-1.26,9.47,6.29,-0.04,-0.01,-0.14,0.0,f
3055.0,2370.0,2928.0,4025.0,3276.0,3583.0,4095.0,4095.0,-1.29,9.58,6.52,-0.04,-0.01,-0.15,0.0,f
3039.0,2362.0,2929.0,4035.0,3287.0,3564.0,4095.0,4095.0,-1.28,9.48,6.63,0.0,-0.04,-0.17,0.0,f
3046.0,2338.0,2926.0,4053.0,3280.0,3552.0,4095.0,4095.0,-1.3,9.54,6.49,-0.0,0.01,-0.14,0.0,f
3056.0,2303.0,2925.0,4043.0,3274.0,3547.0,4095.0,4095.0,-1.3,9.48,6.59,0.03,0.0,-0.16,0.0,f
3051.0,2306.0,2928.0,4053.0,3286.0,3550.0,4095.0,4095.0,-1.24,9.57,6.44,0.02,-0.04,-0.15,0.0,f
3052.0,2307.0,2930.0,4034.0,3278.0,3533.0,4095.0,4095.0,-1.27,9.51,6.5,0.04,0.03,-0.15,0.0,f
3039.0,2273.0,2928.0,4081.0,3284.0,3543.0,4095.0,4095.0,-1.29,9.55,6.37,0.02,-0.03,-0.15,0.0,f
3054.0,2271.0,2928.0,4081.0,3280.0,3546.0,4095.0,4095.0,-1.3,9.56,6.28,0.03,0.02,-0.15,0.0,f
3035.0,2274.0,2933.0,4071.0,3286.0,3539.0,4095.0,4095.0,-1.26,9.54,6.4,-0.01,-0.02,-0.17,0.0,f
3039.0,2262.0,2934.0,4070.0,3288.0,3539.0,4095.0,4095.0,-1.28,9.59,6.47,0.02,0.01,-0.15,0.0,f
3045.0,2268.0,2931.0,4095.0,3270.0,3545.0,4095.0,4095.0,-1.27,9.51,6.59,-0.0,-0.04,-0.18,0.0,f
3044.0,2273.0,2933.0,4086.0,3281.0,3533.0,4095.0,4095.0,-1.3,9.56,6.47,0.03,0.02,-0.15,0.0,f
3040.0,2285.0,2928.0,4042.0,3293.0,3551.0,4095.0,4095.0,-1.36,9.47,6.47,0.01,-0.03,-0.17,0.0,f
3046.0,2284.0,2928.0,4091.0,3279.0,3556.0,4095.0,4095.0,-1.34,9.6,6.34,0.01,0.02,-0.12,0.0,f
3046.0,2288.0,2938.0,4093.0,3280.0,3552.0,4095.0,4095.0,-1.2,9.48,6.37,-0.02,-0.03,-0.14,0.0,f
3056.0,2285.0,2923.0,4095.0,3293.0,3536.0,4095.0,4095.0,-1.25,9.57,6.48,-0.01,0.03,-0.15,0.0,f
3055.0,2283.0,2926.0,4080.0,3282.0,3554.0,4095.0,4095.0,-1.27,9.45,6.46,-0.01,-0.02,-0.18,0.0,f
3037.0,2256.0,2933.0,4090.0,3291.0,3530.0,4095.0,4095.0,-1.41,9.51,6.47,-0.03,0.01,-0.15,0.0,f
3038.0,1745.0,2920.0,3856.0,3150.0,3405.0,4095.0,4095.0,-1.36,9.63,6.32,0.0,0.03,-0.15,0.0,f
3036.0,1759.0,2926.0,3875.0,3142.0,3401.0,4095.0,4095.0,-1.34,9.55,6.57,-0.03,-0.07,-0.22,0.0,f
3062.0,1759.0,2921.0,3876.0,3166.0,3408.0,4095.0,4095.0,-1.46,9.33,6.41,-0.14,-0.11,-0.19,0.0,f
3034.0,1778.0,2924.0,3903.0,3152.0,3419.0,4095.0,4095.0,-1.27,9.26,6.45,-0.02,-0.06,-0.18,0.0,f
3038.0,1764.0,2933.0,3887.0,3149.0,3414.0,4095.0,4095.0,-1.32,9.22,6.72,-0.05,-0.03,-0.18,0.0,f
3037.0,1743.0,2914.0,3905.0,3154.0,3418.0,4095.0,4095.0,-1.39,9.31,6.63,0.03,-0.01,-0.15,0.0,f
3034.0,1750.0,2930.0,3904.0,3159.0,3425.0,4095.0,4095.0,-1.32,9.4,6.51,0.01,0.01,-0.14,0.0,f
3056.0,1750.0,2925.0,3899.0,3167.0,3423.0,4095.0,4095.0,-1.27,9.37,6.58,0.01,-0.02,-0.17,0.0,f
3036.0,1743.0,2923.0,3915.0,3171.0,3408.0,4095.0,4095.0,-1.3,9.46,6.41,0.01,0.01,-0.14,0.0,f
3042.0,1754.0,2931.0,3910.0,3178.0,3419.0,4095.0,4095.0,-1.22,9.46,6.3,0.02,-0.06,-0.17,0.0,f
3042.0,1746.0,2938.0,3922.0,3193.0,3414.0,4095.0,4095.0,-1.29,9.52,6.51,-0.02,0.01,-0.16,0.0,f
3043.0,1742.0,2928.0,3925.0,3183.0,3417.0,4095.0,4095.0,-1.42,9.5,6.7,-0.02,-0.01,-0.16,0.0,f
3035.0,1715.0,2929.0,3888.0,3184.0,3408.0,4095.0,4095.0,-1.3,9.6,6.34,-0.0,-0.02,-0.16,0.0,f
3039.0,1747.0,2928.0,3934.0,3157.0,3437.0,4095.0,4095.0,-1.3,9.55,6.52,-0.03,0.02,-0.13,0.0,f
3034.0,1726.0,2930.0,3952.0,3175.0,3430.0,4095.0,4095.0,-1.15,9.53,6.73,-0.05,-0.03,-0.15,0.0,f
3045.0,1744.0,2933.0,3963.0,3147.0,3439.0,4095.0,4095.0,-1.36,9.43,6.89,0.01,0.02,-0.16,0.0,f
3043.0,1714.0,2928.0,3907.0,3202.0,3418.0,4095.0,4095.0,-1.33,9.46,6.76,0.05,-0.03,-0.15,0.0,f
3037.0,1715.0,2938.0,3903.0,3209.0,3420.0,4095.0,4095.0,-1.41,9.5,6.38,0.04,0.05,-0.17,0.0,f
3045.0,1712.0,2938.0,3950.0,3189.0,3434.0,4095.0,4095.0,-1.42,9.53,6.42,-0.02,-0.02,-0.14,0.0,f
3042.0,1718.0,2925.0,3943.0,3204.0,3409.0,4095.0,4095.0,-1.27,9.47,6.7,-0.02,0.05,-0.13,0.0,f
3041.0,2480.0,2933.0,4095.0,3638.0,3737.0,4095.0,4095.0,-1.23,9.63,6.31,0.02,0.04,-0.17,0.0,f
3051.0,2480.0,2928.0,4095.0,3640.0,3743.0,4095.0,4095.0,-1.4,9.43,6.34,-0.02,-0.0,-0.17,0.0,f
3056.0,2491.0,2931.0,4095.0,3637.0,3747.0,4095.0,4095.0,-1.28,9.53,6.41,0.01,-0.0,-0.16,0.0,f
3039.0,2487.0,2929.0,4095.0,3649.0,3774.0,4095.0,4095.0,-1.31,9.5,6.5,0.03,-0.03,-0.17,0.0,f
3035.0,2482.0,2929.0,4095.0,3638.0,3775.0,4095.0,4095.0,-1.44,9.51,6.38,0.01,0.02,-0.13,0.0,f
3053.0,2461.0,2939.0,4095.0,3650.0,3734.0,4095.0,4095.0,-1.44,9.51,6.42,0.01,-0.03,-0.12,0.0,f
3040.0,2471.0,2932.0,4095.0,3653.0,3737.0,4095.0,4095.0,-1.06,9.53,6.4,0.02,-0.0,-0.14,0.0,f
3036.0,2466.0,2926.0,4095.0,3631.0,3745.0,4095.0,4095.0,-1.18,9.47,6.55,0.02,0.01,-0.15,0.0,f
3036.0,2474.0,2930.0,4095.0,3632.0,3759.0,4095.0,4095.0,-1.25,9.57,6.36,0.07,-0.03,-0.18,0.0,f
3047.0,2463.0,2931.0,4095.0,3649.0,3743.0,4095.0,4095.0,-1.44,9.59,6.12,0.04,0.04,-0.14,0.0,f
3055.0,2448.0,2928.0,4095.0,3634.0,3759.0,4095.0,4095.0,-1.27,9.54,6.24,0.0,-0.05,-0.14,0.0,f
3043.0,2462.0,2928.0,4095.0,3639.0,3753.0,4095.0,4095.0,-1.2,9.53,6.6,0.0,-0.0,-0.15,0.0,f
3054.0,2439.0,2928.0,4095.0,3627.0,3755.0,4095.0,4095.0,-1.28,9.48,6.45,0.03,0.02,-0.15,0.0,f
3051.0,2405.0,2927.0,4095.0,3632.0,3722.0,4095.0,4095.0,-1.3,9.56,6.26,0.06,-0.01,-0.16,0.0,f
3041.0,2384.0,2926.0,4095.0,3617.0,3725.0,4095.0,4095.0,-1.31,9.55,6.22,-0.02,0.05,-0.15,0.0,f
3041.0,2405.0,2939.0,4095.0,3614.0,3700.0,4095.0,4095.0,-1.34,9.53,6.34,-0.05,0.02,-0.15,0.0,f
3037.0,2411.0,2929.0,4095.0,3600.0,3712.0,4095.0,4095.0,-1.36,9.49,6.5,-0.01,0.01,-0.14,0.0,f
3056.0,2402.0,2926.0,4095.0,3600.0,3718.0,4095.0,4095.0,-1.19,9.53,6.45,0.01,-0.03,-0.14,0.0,f
3047.0,2399.0,2922.0,4095.0,3600.0,3709.0,4095.0,4095.0,-1.24,9.51,6.41,0.01,0.02,-0.15,0.0,f
3053.0,2425.0,2931.0,4095.0,3637.0,3717.0,4095.0,4095.0,-1.34,9.5,6.14,-0.03,0.05,-0.14,0.0,f
3042.0,1285.0,2923.0,4094.0,3259.0,3469.0,4095.0,4095.0,-1.24,9.58,6.18,0.01,0.03,-0.14,0.0,f
3051.0,1290.0,2909.0,4068.0,3259.0,3471.0,4095.0,4095.0,-1.17,9.48,6.31,-0.01,-0.03,-0.15,0.0,f
3056.0,1276.0,2926.0,4095.0,3248.0,3473.0,4095.0,4095.0,-1.18,9.53,6.33,0.01,0.02,-0.15,0.0,f
3040.0,1232.0,2928.0,4081.0,3264.0,3450.0,4095.0,4095.0,-1.14,9.49,6.09,-0.0,-0.05,-0.17,0.0,f
3034.0,1225.0,2918.0,4083.0,3253.0,3451.0,4095.0,4095.0,-1.24,9.45,6.36,-0.05,0.03,-0.17,0.0,f
3045.0,1259.0,2923.0,4087.0,3264.0,3466.0,4095.0,4095.0,-1.29,9.58,6.46,0.01,-0.03,-0.14,0.0,f
3040.0,1239.0,2928.0,4095.0,3257.0,3465.0,4095.0,4095.0,-1.13,9.5,6.29,0.02,-0.01,-0.16,0.0,f
3037.0,1239.0,2916.0,4095.0,3270.0,3472.0,4095.0,4095.0,-1.21,9.61,6.27,0.01,0.0,-0.13,0.0,f
3035.0,1232.0,2931.0,4095.0,3264.0,3473.0,4095.0,4095.0,-1.15,9.51,6.24,0.01,0.0,-0.16,0.0,f
3039.0,1228.0,2922.0,4095.0,3269.0,3462.0,4095.0,4095.0,-1.15,9.56,6.27,-0.0,-0.01,-0.15,0.0,f
3049.0,1227.0,2930.0,4095.0,3280.0,3470.0,4095.0,4095.0,-1.22,9.55,6.34,-0.0,-0.0,-0.16,0.0,f
3052.0,1227.0,2925.0,4095.0,3274.0,3482.0,4095.0,4095.0,-1.23,9.54,6.39,0.01,-0.01,-0.15,0.0,f
3042.0,1232.0,2922.0,4095.0,3270.0,3469.0,4095.0,4095.0,-1.27,9.58,6.34,0.02,0.03,-0.13,0.0,f
3054.0,1216.0,2931.0,4095.0,3271.0,3466.0,4095.0,4095.0,-1.19,9.57,6.25,0.02,-0.04,-0.16,0.0,f
3056.0,1220.0,2914.0,4095.0,3284.0,3472.0,4095.0,4095.0,-1.19,9.52,6.3,-0.0,0.05,-0.13,0.0,f
3028.0,1202.0,2915.0,4095.0,3274.0,3472.0,4095.0,4095.0,-1.13,9.6,6.29,0.01,-0.04,-0.16,0.0,f
3045.0,1196.0,2928.0,4095.0,3267.0,3481.0,4095.0,4095.0,-1.17,9.52,6.34,-0.01,0.02,-0.15,0.0,f
3038.0,1179.0,2931.0,4095.0,3278.0,3470.0,4095.0,4095.0,-1.24,9.57,6.39,0.01,-0.0,-0.15,0.0,f
3058.0,1173.0,2930.0,4095.0,3280.0,3454.0,4095.0,4095.0,-1.18,9.56,6.29,-0.01,0.02,-0.13,0.0,f
3039.0,1150.0,2911.0,4080.0,3266.0,3414.0,4095.0,4095.0,-1.25,9.66,6.24,-0.05,0.04,-0.09,0.0,f
3039.0,1136.0,2896.0,3942.0,3152.0,3376.0,4095.0,4095.0,-1.25,9.51,6.41,0.0,-0.03,-0.15,0.0,f
3051.0,1150.0,2898.0,3954.0,3151.0,3372.0,4095.0,4095.0,-1.03,9.47,6.56,0.03,0.04,-0.13,0.0,f
3049.0,1134.0,2913.0,3949.0,3146.0,3364.0,4095.0,4095.0,-1.18,9.57,6.42,0.02,-0.03,-0.17,0.0,f
3047.0,1131.0,2902.0,3954.0,3152.0,3367.0,4095.0,4095.0,-1.13,9.55,6.5,0.05,0.0,-0.14,0.0,f
3052.0,1111.0,2899.0,3953.0,3154.0,3362.0,4095.0,4095.0,-1.17,9.45,6.68,0.0,-0.01,-0.16,0.0,f
3041.0,1104.0,2893.0,3933.0,3153.0,3374.0,4095.0,4095.0,-1.18,9.64,6.41,0.06,-0.0,-0.17,0.0,f
3043.0,1097.0,2897.0,3935.0,3152.0,3363.0,4095.0,4095.0,-1.33,9.48,6.33,0.06,0.01,-0.16,0.0,f
3042.0,1070.0,2909.0,3952.0,3151.0,3370.0,4095.0,4095.0,-1.14,9.67,6.16,0.03,-0.05,-0.14,0.0,f
3053.0,1075.0,2907.0,3941.0,3157.0,3376.0,4095.0,4095.0,-1.07,9.53,6.25,0.0,0.02,-0.13,0.0,f
3043.0,1072.0,2906.0,3920.0,3169.0,3357.0,4095.0,4095.0,-1.05,9.61,6.37,-0.0,-0.05,-0.16,0.0,f
3041.0,1072.0,2914.0,3952.0,3157.0,3376.0,4095.0,4095.0,-1.17,9.54,6.41,0.0,0.04,-0.16,0.0,f
3040.0,1040.0,2896.0,3953.0,3166.0,3367.0,4095.0,4095.0,-1.29,9.53,6.52,0.0,-0.04,-0.16,0.0,f
3044.0,1042.0,2901.0,3930.0,3162.0,3374.0,4095.0,4095.0,-1.13,9.52,6.48,0.01,0.03,-0.14,0.0,f
3037.0,1034.0,2890.0,3941.0,3161.0,3357.0,4095.0,4095.0,-1.18,9.54,6.4,0.01,-0.03,-0.15,0.0,f
3051.0,1040.0,2902.0,3955.0,3161.0,3365.0,4095.0,4095.0,-1.09,9.51,6.43,0.02,0.02,-0.15,0.0,f
3056.0,1023.0,2899.0,3943.0,3164.0,3354.0,4095.0,4095.0,-1.15,9.53,6.43,0.02,-0.03,-0.16,0.0,f
3054.0,1010.0,2911.0,3953.0,3159.0,3359.0,4095.0,4095.0,-1.21,9.58,6.29,0.02,0.02,-0.14,0.0,f
3051.0,1008.0,2903.0,3952.0,3157.0,3371.0,4095.0,4095.0,-1.21,9.53,6.29,-0.01,-0.01,-0.15,0.0,f
3040.0,1003.0,2905.0,3938.0,3170.0,3362.0,4095.0,4095.0,-1.11,9.54,6.35,-0.02,-0.03,-0.16,0.0,f
3042.0,1008.0,2909.0,3950.0,3162.0,3359.0,4095.0,4095.0,-1.17,9.52,6.46,0.0,0.02,-0.15,0.0,f
3034.0,2400.0,2915.0,4095.0,3387.0,3583.0,4095.0,4095.0,-1.15,9.47,6.43,0.02,0.0,-0.14,0.0,f
3045.0,2384.0,2921.0,4095.0,3371.0,3602.0,4095.0,4095.0,-1.27,9.46,6.41,0.03,-0.02,-0.14,0.0,f
3038.0,2396.0,2915.0,4095.0,3372.0,3574.0,4095.0,4095.0,-1.18,9.49,6.38,0.03,0.01,-0.16,0.0,f
3043.0,2391.0,2928.0,4095.0,3378.0,3573.0,4095.0,4095.0,-1.37,9.44,6.45,0.02,0.01,-0.16,0.0,f
3045.0,2382.0,2919.0,4095.0,3383.0,3583.0,4095.0,4095.0,-1.39,9.52,6.32,0.02,-0.01,-0.16,0.0,f
3051.0,2384.0,2915.0,4095.0,3364.0,3583.0,4095.0,4095.0,-1.5,9.54,6.37,0.01,0.01,-0.14,0.0,f
3049.0,2401.0,2912.0,4095.0,3376.0,3583.0,4095.0,4095.0,-1.17,9.51,6.54,-0.0,-0.01,-0.13,0.0,f
3043.0,2399.0,2918.0,4095.0,3375.0,3577.0,4095.0,4095.0,-1.3,9.56,6.54,0.03,0.03,-0.16,0.0,f
3034.0,2385.0,2921.0,4095.0,3380.0,3578.0,4095.0,4095.0,-1.38,9.54,6.37,0.05,-0.01,-0.15,0.0,f
3043.0,2384.0,2927.0,4095.0,3366.0,3583.0,4095.0,4095.0,-1.37,9.6,6.21,0.0,0.04,-0.14,0.0,f
3051.0,2398.0,2918.0,4095.0,3385.0,3570.0,4095.0,4095.0,-1.33,9.48,6.55,-0.01,-0.03,-0.14,0.0,f
3050.0,2386.0,2925.0,4095.0,3390.0,3575.0,4095.0,4095.0,-1.22,9.5,6.52,0.02,0.01,-0.15,0.0,f
3043.0,2390.0,2923.0,4095.0,3367.0,3583.0,4095.0,4095.0,-1.27,9.52,6.39,0.02,-0.01,-0.16,0.0,f
3051.0,2398.0,2912.0,4095.0,3376.0,3597.0,4095.0,4095.0,-1.43,9.49,6.39,0.03,-0.0,-0.15,0.0,f
3051.0,2395.0,2922.0,4095.0,3369.0,3600.0,4095.0,4095.0,-1.25,9.58,6.29,0.01,0.01,-0.14,0.0,f
3043.0,2403.0,2927.0,4095.0,3381.0,3600.0,4095.0,4095.0,-1.31,9.53,6.36,0.01,-0.0,-0.16,0.0,f
3056.0,2398.0,2913.0,4095.0,3373.0,3569.0,4095.0,4095.0,-1.25,9.52,6.48,0.01,-0.04,-0.15,0.0,f
3046.0,2404.0,2912.0,4095.0,3364.0,3579.0,4095.0,4095.0,-1.3,9.5,6.55,0.01,0.01,-0.15,0.0,f
3047.0,2387.0,2913.0,4095.0,3383.0,3574.0,4095.0,4095.0,-1.32,9.53,6.4,0.04,-0.02,-0.16,0.0,f
3043.0,2394.0,2915.0,4095.0,3366.0,3573.0,4095.0,4095.0,-1.36,9.54,6.26,0.0,0.01,-0.14,0.0,f
3042.0,2155.0,2919.0,4023.0,3280.0,3420.0,4095.0,4095.0,-1.17,9.57,6.4,0.02,-0.01,-0.07,0.0,f
3047.0,2139.0,2927.0,4019.0,3280.0,3426.0,4095.0,4095.0,-0.93,9.52,6.13,0.05,-0.04,-0.14,0.0,f
3045.0,2149.0,2925.0,4046.0,3287.0,3429.0,4095.0,4095.0,-0.92,9.64,5.98,0.02,0.0,-0.17,0.0,f
3039.0,2114.0,2920.0,4010.0,3284.0,3408.0,4095.0,4095.0,-1.11,9.62,5.98,0.02,-0.0,-0.17,0.0,f
3054.0,2139.0,2925.0,4021.0,3287.0,3413.0,4095.0,4095.0,-1.26,9.53,6.2,-0.05,-0.01,-0.16,0.0,f
3042.0,2161.0,2928.0,4044.0,3282.0,3430.0,4095.0,4095.0,-1.21,9.54,6.39,-0.03,-0.02,-0.16,0.0,f
3039.0,2197.0,2927.0,4016.0,3279.0,3430.0,4095.0,4095.0,-1.19,9.55,6.48,0.0,-0.03,-0.17,0.0,f
3038.0,2170.0,2929.0,4022.0,3298.0,3431.0,4095.0,4095.0,-1.08,9.47,6.38,0.0,-0.01,-0.14,0.0,f
3035.0,2193.0,2918.0,4049.0,3300.0,3440.0,4095.0,4095.0,-1.01,9.5,6.41,-0.02,0.01,-0.13,0.0,f
3037.0,2195.0,2923.0,4018.0,3291.0,3443.0,4095.0,4095.0,-1.25,9.47,6.5,0.03,0.0,-0.17,0.0,f
3036.0,2215.0,2919.0,4042.0,3291.0,3421.0,4095.0,4095.0,-1.48,9.51,6.23,0.07,0.0,-0.17,0.0,f
3035.0,2218.0,2913.0,4047.0,3289.0,3435.0,4095.0,4095.0,-1.49,9.61,5.99,0.06,-0.03,-0.15,0.0,f
3043.0,2220.0,2917.0,4018.0,3290.0,3426.0,4095.0,4095.0,-1.17,9.58,6.2,0.03,0.01,-0.09,0.0,f
3038.0,2203.0,2928.0,4038.0,3291.0,3436.0,4095.0,4095.0,-0.87,9.57,6.26,0.03,0.01,-0.09,0.0,f
3036.0,2214.0,2919.0,4035.0,3288.0,3440.0,4095.0,4095.0,-1.0,9.6,6.08,0.04,0.05,-0.13,0.0,f
3046.0,2222.0,2928.0,4046.0,3307.0,3440.0,4095.0,4095.0,-1.25,9.63,5.98,0.02,0.03,-0.14,0.0,f
3034.0,2202.0,2931.0,4032.0,3303.0,3422.0,4095.0,4095.0,-1.18,9.64,6.11,0.0,-0.01,-0.14,0.0,f
3046.0,2214.0,2919.0,4022.0,3311.0,3425.0,4095.0,4095.0,-1.1,9.56,6.29,-0.0,-0.02,-0.13,0.0,f
3046.0,2201.0,2911.0,4034.0,3295.0,3440.0,4095.0,4095.0,-0.96,9.63,6.29,0.0,0.0,-0.15,0.0,f
3041.0,2210.0,2912.0,4038.0,3299.0,3437.0,4095.0,4095.0,-1.11,9.57,6.3,0.02,0.04,-0.15,0.0,f
3034.0,2369.0,2939.0,3987.0,3275.0,3375.0,4095.0,4095.0,-1.08,9.85,5.57,-0.07,0.02,-0.09,0.0,f
3038.0,2357.0,2928.0,4016.0,3290.0,3403.0,4095.0,4095.0,-1.04,9.79,5.98,0.01,0.0,-0.22,0.0,f
3054.0,2325.0,2931.0,4041.0,3306.0,3423.0,4095.0,4095.0,-1.75,9.62,5.43,-0.05,0.07,-0.21,0.0,f
3047.0,2304.0,2928.0,4022.0,3301.0,3405.0,4095.0,4095.0,-1.72,9.74,5.71,-0.03,0.01,-0.1,0.0,f
3033.0,2317.0,2928.0,4012.0,3312.0,3424.0,4095.0,4095.0,-0.89,9.57,6.01,-0.03,-0.06,-0.1,0.0,f
3056.0,2304.0,2923.0,4046.0,3295.0,3430.0,4095.0,4095.0,-1.44,9.73,5.42,0.05,0.1,-0.21,0.0,f
3051.0,2276.0,2927.0,4015.0,3307.0,3418.0,4095.0,4095.0,-1.35,9.5,5.68,-0.04,0.02,-0.04,0.0,f
3030.0,2262.0,2922.0,4013.0,3302.0,3415.0,4095.0,4095.0,-1.04,9.74,5.63,-0.01,-0.05,-0.19,0.0,f
3040.0,2266.0,2918.0,4017.0,3309.0,3426.0,4095.0,4095.0,-1.52,9.59,5.53,0.01,0.04,-0.19,0.0,f
3056.0,2254.0,2928.0,4039.0,3301.0,3444.0,4095.0,4095.0,-1.16,9.71,5.36,0.03,-0.06,-0.2,0.0,f
3045.0,2234.0,2928.0,4048.0,3309.0,3412.0,4095.0,4095.0,-1.53,9.72,5.08,-0.03,0.05,-0.2,0.0,f
3048.0,2210.0,2925.0,4049.0,3316.0,3430.0,4095.0,4095.0,-1.38,9.65,5.87,-0.21,-0.07,-0.07,0.0,f
3049.0,2174.0,2931.0,4080.0,3309.0,3433.0,4095.0,4095.0,-1.07,9.44,6.75,-0.06,-0.0,-0.17,0.0,f
3049.0,2170.0,2928.0,4063.0,3303.0,3421.0,4095.0,4095.0,-1.41,9.54,6.37,-0.02,0.03,-0.09,0.0,f
3044.0,2182.0,2926.0,4064.0,3314.0,3440.0,4095.0,4095.0,-1.36,9.56,6.2,0.09,0.06,-0.15,0.0,f
3042.0,2165.0,2929.0,4057.0,3318.0,3433.0,4095.0,4095.0,-1.6,9.72,5.38,0.14,-0.02,-0.16,0.0,f
3050.0,2147.0,2929.0,4057.0,3312.0,3430.0,4095.0,4095.0,-1.27,9.67,5.33,0.05,0.07,-0.03,0.0,f
3033.0,2145.0,2922.0,4057.0,3323.0,3423.0,4095.0,4095.0,-0.74,9.71,5.66,-0.03,0.04,-0.05,0.0,f
3047.0,2130.0,2935.0,4070.0,3312.0,3434.0,4095.0,4095.0,-0.97,9.68,5.62,-0.01,0.05,-0.17,0.0,f
3051.0,2119.0,2927.0,4058.0,3312.0,3434.0,4095.0,4095.0,-1.43,9.8,5.43,-0.01,-0.04,-0.18,0.0,f
3056.0,1676.0,2923.0,3955.0,3270.0,3427.0,4095.0,4095.0,-0.81,9.5,6.02,-0.11,0.02,-0.12,0.0,f
3039.0,1663.0,2918.0,3956.0,3275.0,3436.0,4095.0,4095.0,-0.69,9.86,6.14,-0.01,-0.05,-0.12,0.0,f
3043.0,1616.0,2921.0,3955.0,3289.0,3443.0,4095.0,4095.0,-0.61,9.77,6.12,0.03,0.01,-0.12,0.0,f
3053.0,1573.0,2913.0,3963.0,3280.0,3425.0,4095.0,4095.0,-1.09,9.81,5.79,0.04,-0.0,-0.18,0.0,f
3053.0,1566.0,2927.0,3984.0,3278.0,3459.0,4095.0,4095.0,-1.01,9.69,5.77,0.01,0.03,-0.14,0.0,f
3056.0,1557.0,2930.0,3998.0,3281.0,3442.0,4095.0,4095.0,-0.75,9.61,5.82,0.01,-0.06,-0.14,0.0,f
3047.0,1472.0,2918.0,3987.0,3265.0,3434.0,4095.0,4095.0,-0.91,9.72,5.83,-0.02,0.09,-0.1,0.0,f
3041.0,1487.0,2924.0,3979.0,3278.0,3438.0,4095.0,4095.0,-0.68,9.65,5.98,0.02,-0.05,-0.13,0.0,f
3041.0,1488.0,2928.0,3975.0,3278.0,3445.0,4095.0,4095.0,-0.69,9.74,5.8,-0.02,0.01,-0.14,0.0,f
3041.0,1457.0,2927.0,3983.0,3280.0,3440.0,4095.0,4095.0,-0.64,9.74,5.87,0.0,0.01,-0.16,0.0,f
3053.0,1446.0,2930.0,3983.0,3286.0,3437.0,4095.0,4095.0,-0.79,9.63,6.16,-0.03,-0.02,-0.15,0.0,f
3042.0,1424.0,2929.0,3985.0,3265.0,3442.0,4095.0,4095.0,-0.84,9.7,6.11,0.07,-0.03,-0.23,0.0,f
3033.0,1408.0,2929.0,3980.0,3280.0,3441.0,4095.0,4095.0,-1.15,9.66,5.84,0.07,0.05,-0.22,0.0,f
3054.0,1375.0,2927.0,3997.0,3282.0,3440.0,4095.0,4095.0,-1.2,9.78,5.56,0.07,-0.04,-0.13,0.0,f
3044.0,1366.0,2918.0,3994.0,3273.0,3436.0,4095.0,4095.0,-0.77,9.65,5.73,0.01,0.02,-0.11,0.0,f
3033.0,1364.0,2922.0,4010.0,3270.0,3441.0,4095.0,4095.0,-1.22,9.8,5.52,0.03,0.02,-0.16,0.0,f
3039.0,1355.0,2933.0,4007.0,3264.0,3421.0,4095.0,4095.0,-0.76,9.67,5.58,-0.05,-0.02,-0.02,0.0,f
3045.0,1370.0,2928.0,4006.0,3280.0,3441.0,4095.0,4095.0,-0.48,9.7,6.24,-0.05,0.0,-0.1,0.0,f
3045.0,1367.0,2939.0,4016.0,3279.0,3431.0,4095.0,4095.0,-0.47,9.64,6.0,0.02,0.03,-0.19,0.0,f
3039.0,1356.0,2930.0,3985.0,3271.0,3440.0,4095.0,4095.0,-0.87,9.74,5.83,-0.02,0.06,-0.16,0.0,f
3056.0,1361.0,2928.0,4006.0,3277.0,3431.0,4095.0,4095.0,-1.1,9.76,5.97,0.31,0.01,-0.16,0.0,f
3040.0,1338.0,2928.0,4010.0,3269.0,3428.0,4095.0,4095.0,-0.75,9.69,5.67,0.2,0.02,-0.16,0.0,f
3055.0,1350.0,2926.0,4025.0,3270.0,3445.0,4095.0,4095.0,-0.38,9.62,5.97,0.14,-0.01,-0.15,0.0,f
3039.0,1351.0,2923.0,3995.0,3280.0,3427.0,4095.0,4095.0,-0.33,9.65,5.7,0.14,-0.03,-0.25,0.0,f
3045.0,1328.0,2934.0,4017.0,3278.0,3429.0,4095.0,4095.0,-1.05,9.74,5.49,0.1,0.03,-0.2,0.0,f
3041.0,1331.0,2933.0,4016.0,3277.0,3437.0,4095.0,4095.0,-0.85,9.65,5.7,0.02,-0.1,-0.16,0.0,f
3046.0,1328.0,2927.0,4048.0,3280.0,3424.0,4095.0,4095.0,-0.79,9.7,6.05,0.01,-0.04,-0.13,0.0,f
3039.0,1330.0,2928.0,3997.0,3286.0,3425.0,4095.0,4095.0,-0.62,9.61,6.35,0.02,0.01,-0.14,0.0,f
3037.0,1335.0,2924.0,4025.0,3279.0,3447.0,4095.0,4095.0,-0.71,9.72,6.19,0.09,-0.01,-0.14,0.0,f
3053.0,1329.0,2930.0,4011.0,3293.0,3432.0,4095.0,4095.0,-0.57,9.67,5.79,0.08,-0.01,-0.12,0.0,f
3056.0,1329.0,2926.0,4011.0,3280.0,3440.0,4095.0,4095.0,-0.53,9.77,5.64,0.01,-0.05,-0.19,0.0,f
3053.0,1329.0,2926.0,4039.0,3280.0,3440.0,4095.0,4095.0,-0.94,9.75,5.92,0.01,0.09,-0.16,0.0,f
3056.0,1324.0,2927.0,4032.0,3280.0,3439.0,4095.0,4095.0,-0.85,9.73,5.86,0.05,-0.08,-0.15,0.0,f
3046.0,1341.0,2931.0,4017.0,3291.0,3422.0,4095.0,4095.0,-0.67,9.69,5.79,0.02,0.02,-0.13,0.0,f
3045.0,1342.0,2927.0,4042.0,3275.0,3429.0,4095.0,4095.0,-0.77,9.66,5.96,0.01,-0.01,-0.15,0.0,f
3030.0,1339.0,2931.0,4001.0,3291.0,3437.0,4095.0,4095.0,-0.71,9.76,5.78,0.03,-0.02,-0.14,0.0,f
3040.0,1343.0,2928.0,4036.0,3278.0,3430.0,4095.0,4095.0,-0.72,9.69,5.8,0.03,-0.01,-0.12,0.0,f
3050.0,1319.0,2934.0,4023.0,3280.0,3426.0,4095.0,4095.0,-0.49,9.74,5.84,0.02,0.01,-0.13,0.0,f
3051.0,1341.0,2922.0,4032.0,3280.0,3440.0,4095.0,4095.0,-0.73,9.72,5.79,0.03,-0.01,-0.16,0.0,f
3051.0,1324.0,2939.0,4038.0,3290.0,3438.0,4095.0,4095.0,-0.62,9.79,5.63,-0.0,0.01,-0.15,0.0,f
3047.0,1308.0,2928.0,4095.0,3344.0,3435.0,4095.0,4095.0,-0.71,9.57,6.05,-0.0,0.04,-0.07,0.0,f
3047.0,1308.0,2928.0,4095.0,3344.0,3435.0,4095.0,4095.0,-0.71,9.57,6.05,-0.0,0.04,-0.07,0.0,f
3039.0,1296.0,2917.0,4095.0,3344.0,3447.0,4095.0,4095.0,-0.83,9.62,6.26,0.0,0.03,-0.1,0.0,f
3041.0,1300.0,2928.0,4095.0,3341.0,3449.0,4095.0,4095.0,-0.85,9.71,6.07,0.09,-0.02,-0.15,0.0,f
3032.0,1287.0,2929.0,4095.0,3349.0,3437.0,4095.0,4095.0,-1.1,9.63,5.8,0.11,0.01,-0.24,0.0,f
3038.0,1271.0,2928.0,4095.0,3360.0,3439.0,4095.0,4095.0,-1.44,9.71,5.66,0.09,0.03,-0.17,0.0,f
3039.0,1266.0,2928.0,4095.0,3340.0,3440.0,4095.0,4095.0,-1.02,9.62,5.59,0.07,-0.07,-0.14,0.0,f
3057.0,1239.0,2934.0,4095.0,3343.0,3436.0,4095.0,4095.0,-1.07,9.74,5.66,0.03,-0.0,-0.14,0.0,f
3047.0,1249.0,2930.0,4095.0,3357.0,3440.0,4095.0,4095.0,-0.9,9.63,5.96,0.02,0.02,-0.12,0.0,f
3039.0,1235.0,2917.0,4095.0,3344.0,3435.0,4095.0,4095.0,-0.83,9.68,5.61,0.07,0.02,-0.18,0.0,f
3052.0,1232.0,2931.0,4095.0,3343.0,3443.0,4095.0,4095.0,-1.24,9.77,5.18,0.05,0.01,-0.18,0.0,f
3044.0,1209.0,2927.0,4095.0,3334.0,3446.0,4095.0,4095.0,-1.03,9.72,5.59,-0.05,0.01,-0.1,0.0,f
3043.0,1209.0,2928.0,4095.0,3351.0,3440.0,4095.0,4095.0,-0.7,9.72,5.8,0.0,-0.05,-0.17,0.0,f
3041.0,1216.0,2930.0,4095.0,3349.0,3440.0,4095.0,4095.0,-1.22,9.64,5.58,-0.01,0.03,-0.2,0.0,f
3053.0,1204.0,2928.0,4095.0,3349.0,3439.0,4095.0,4095.0,-1.3,9.72,5.7,-0.04,-0.02,-0.12,0.0,f
3053.0,1203.0,2923.0,4095.0,3344.0,3436.0,4095.0,4095.0,-0.81,9.58,6.15,-0.05,0.01,-0.14,0.0,f
3055.0,1197.0,2929.0,4095.0,3347.0,3445.0,4095.0,4095.0,-1.15,9.72,5.91,0.01,0.03,-0.16,0.0,f
3051.0,1200.0,2927.0,4095.0,3344.0,3439.0,4095.0,4095.0,-1.05,9.65,5.91,0.06,0.01,-0.17,0.0,f
3053.0,1199.0,2927.0,4095.0,3344.0,3441.0,4095.0,4095.0,-1.09,9.65,5.84,0.02,-0.03,-0.18,0.0,f
3051.0,1196.0,2930.0,4095.0,3342.0,3442.0,4095.0,4095.0,-1.21,9.69,5.7,0.04,0.0,-0.15,0.0,f
3044.0,2402.0,2933.0,4095.0,3434.0,3487.0,4095.0,4095.0,-1.7,9.58,6.55,-0.02,-0.08,-0.16,0.0,f
3053.0,2384.0,2933.0,4095.0,3430.0,3487.0,4095.0,4095.0,-1.5,9.64,6.43,-0.01,-0.0,-0.16,0.0,f
3043.0,2384.0,2927.0,4095.0,3448.0,3488.0,4095.0,4095.0,-1.91,9.44,6.34,0.02,0.06,-0.17,0.0,f
3044.0,2364.0,2933.0,4095.0,3431.0,3494.0,4095.0,4095.0,-1.86,9.5,5.98,0.04,-0.11,-0.19,0.0,f
3037.0,2365.0,2925.0,4095.0,3454.0,3485.0,4095.0,4095.0,-2.0,9.44,6.12,-0.01,0.07,-0.14,0.0,f
3051.0,2359.0,2927.0,4095.0,3455.0,3478.0,4095.0,4095.0,-1.65,9.45,6.25,-0.06,-0.13,-0.14,0.0,f
3049.0,2352.0,2928.0,4095.0,3456.0,3487.0,4095.0,4095.0,-1.47,9.53,6.38,-0.02,-0.02,-0.17,0.0,f
3056.0,2363.0,2924.0,4095.0,3459.0,3490.0,4095.0,4095.0,-1.77,9.34,6.38,-0.04,-0.05,-0.25,0.0,f
3047.0,2365.0,2929.0,4095.0,3451.0,3485.0,4095.0,4095.0,-2.36,9.4,6.32,0.09,-0.07,-0.29,0.0,f
3056.0,2353.0,2929.0,4095.0,3478.0,3487.0,4095.0,4095.0,-2.2,9.4,6.48,0.07,0.04,-0.15,0.0,f
3056.0,2347.0,2928.0,4095.0,3485.0,3472.0,4095.0,4095.0,-1.86,9.47,6.17,0.06,-0.11,-0.1,0.0,f
3050.0,2335.0,2931.0,4095.0,3475.0,3493.0,4095.0,4095.0,-2.02,9.31,6.27,0.11,0.1,-0.15,0.0,f
3050.0,2323.0,2931.0,4095.0,3494.0,3479.0,4095.0,4095.0,-2.03,9.61,5.63,0.12,-0.1,-0.14,0.0,f
3041.0,2336.0,2926.0,4095.0,3501.0,3468.0,4095.0,4095.0,-1.56,9.48,5.76,0.02,0.0,-0.12,0.0,f
3055.0,2330.0,2923.0,4095.0,3478.0,3492.0,4095.0,4095.0,-1.83,9.52,5.91,-0.03,0.01,-0.15,0.0,f
3030.0,2327.0,2930.0,4095.0,3477.0,3481.0,4095.0,4095.0,-2.04,9.45,6.12,0.02,0.02,-0.17,0.0,f
3060.0,2313.0,2930.0,4095.0,3470.0,3482.0,4095.0,4095.0,-1.96,9.44,6.05,-0.02,-0.04,-0.16,0.0,f
3055.0,2320.0,2921.0,4095.0,3479.0,3484.0,4095.0,4095.0,-1.97,9.44,6.24,0.01,0.01,-0.13,0.0,f
3043.0,2310.0,2934.0,4095.0,3461.0,3504.0,4095.0,4095.0,-1.87,9.4,6.23,-0.02,-0.0,-0.16,0.0,f
3044.0,2333.0,2919.0,4095.0,3468.0,3493.0,4095.0,4095.0,-1.9,9.5,6.22,0.03,-0.0,-0.14,0.0,f
3055.0,2218.0,2927.0,3958.0,3311.0,3391.0,4095.0,4095.0,-1.44,9.39,6.21,0.03,-0.02,-0.16,0.0,f
3055.0,2218.0,2927.0,3958.0,3311.0,3391.0,4095.0,4095.0,-1.44,9.39,6.21,0.03,-0.02,-0.16,0.0,f
3040.0,2204.0,2929.0,3971.0,3307.0,3384.0,4095.0,4095.0,-1.37,9.55,6.26,0.0,-0.01,-0.19,0.0,f
3040.0,2202.0,2928.0,3984.0,3309.0,3376.0,4095.0,4095.0,-1.55,9.53,6.34,0.03,-0.05,-0.23,0.0,f
3056.0,2191.0,2919.0,3991.0,3319.0,3376.0,4095.0,4095.0,-1.69,9.45,6.04,0.04,-0.03,-0.16,0.0,f
3049.0,2179.0,2928.0,4007.0,3317.0,3385.0,4095.0,4095.0,-1.69,9.63,5.96,0.01,0.02,-0.17,0.0,f
3046.0,2192.0,2919.0,3984.0,3325.0,3399.0,4095.0,4095.0,-1.62,9.52,6.19,0.02,-0.02,-0.14,0.0,f
3044.0,2160.0,2928.0,4031.0,3319.0,3397.0,4095.0,4095.0,-1.45,9.57,6.11,0.02,-0.07,-0.15,0.0,f
3047.0,2191.0,2919.0,4023.0,3334.0,3381.0,4095.0,4095.0,-1.5,9.46,6.3,0.02,-0.01,-0.18,0.0,f
3042.0,2182.0,2928.0,4048.0,3337.0,3401.0,4095.0,4095.0,-1.71,9.57,5.94,0.03,0.0,-0.14,0.0,f
3049.0,2180.0,2926.0,4048.0,3329.0,3402.0,4095.0,4095.0,-1.6,9.56,5.96,0.02,-0.01,-0.14,0.0,f
3050.0,2209.0,2930.0,4036.0,3339.0,3395.0,4095.0,4095.0,-1.53,9.48,6.25,-0.03,-0.01,-0.15,0.0,f
3042.0,2215.0,2917.0,4032.0,3343.0,3408.0,4095.0,4095.0,-1.56,9.59,6.17,0.03,-0.01,-0.16,0.0,f
3049.0,2193.0,2931.0,4016.0,3346.0,3397.0,4095.0,4095.0,-1.66,9.51,6.12,0.02,0.02,-0.13,0.0,f
3045.0,2220.0,2926.0,4043.0,3341.0,3397.0,4095.0,4095.0,-1.66,9.58,6.12,0.04,-0.03,-0.17,0.0,f
3039.0,2229.0,2940.0,4057.0,3351.0,3398.0,4095.0,4095.0,-1.47,9.57,6.02,0.01,0.04,-0.1,0.0,f
3054.0,2259.0,2925.0,4049.0,3333.0,3413.0,4095.0,4095.0,-1.32,9.58,6.01,0.01,-0.0,-0.15,0.0,f
3038.0,2274.0,2931.0,4050.0,3342.0,3408.0,4095.0,4095.0,-1.5,9.48,6.17,-0.02,0.04,-0.15,0.0,f
3049.0,2294.0,2937.0,4048.0,3367.0,3405.0,4095.0,4095.0,-1.72,9.5,6.19,0.02,-0.06,-0.16,0.0,f
3038.0,2304.0,2933.0,4058.0,3360.0,3405.0,4095.0,4095.0,-1.6,9.56,6.14,0.04,-0.03,-0.15,0.0,f
3053.0,2559.0,2921.0,4095.0,3344.0,3479.0,4095.0,4095.0,-1.47,9.87,5.77,0.0,-0.04,-0.17,0.0,f
3039.0,2559.0,2923.0,4095.0,3344.0,3483.0,4095.0,4095.0,-1.51,9.7,6.07,0.01,-0.05,-0.19,0.0,f
3042.0,2559.0,2921.0,4095.0,3343.0,3493.0,4095.0,4095.0,-1.64,9.74,5.91,0.02,0.05,-0.18,0.0,f
3042.0,2543.0,2925.0,4095.0,3340.0,3474.0,4095.0,4095.0,-1.63,9.61,5.7,0.06,-0.04,-0.17,0.0,f
3052.0,2544.0,2929.0,4095.0,3351.0,3474.0,4095.0,4095.0,-1.67,9.63,5.7,-0.01,0.02,-0.13,0.0,f
3040.0,2538.0,2928.0,4095.0,3345.0,3486.0,4095.0,4095.0,-1.61,9.51,5.97,0.01,0.04,-0.14,0.0,f
3032.0,2519.0,2929.0,4095.0,3333.0,3478.0,4095.0,4095.0,-1.45,9.6,5.69,0.06,-0.04,-0.17,0.0,f
3045.0,2513.0,2921.0,4095.0,3351.0,3472.0,4095.0,4095.0,-1.65,9.62,5.55,0.01,0.07,-0.16,0.0,f
3035.0,2515.0,2928.0,4095.0,3346.0,3485.0,4095.0,4095.0,-1.55,9.61,5.71,-0.04,-0.03,-0.12,0.0,f
3046.0,2518.0,2915.0,4095.0,3346.0,3477.0,4095.0,4095.0,-1.36,9.61,5.95,-0.01,-0.01,-0.14,0.0,f
3046.0,2512.0,2919.0,4095.0,3356.0,3483.0,4095.0,4095.0,-1.54,9.61,5.8,0.04,0.02,-0.18,0.0,f
3045.0,2514.0,2927.0,4095.0,3362.0,3476.0,4095.0,4095.0,-1.77,9.58,5.74,0.04,0.01,-0.15,0.0,f
3046.0,2522.0,2928.0,4095.0,3347.0,3490.0,4095.0,4095.0,-1.64,9.62,5.69,0.01,-0.02,-0.14,0.0,f
3041.0,2511.0,2919.0,4095.0,3346.0,3494.0,4095.0,4095.0,-1.46,9.62,5.76,0.02,0.04,-0.13,0.0,f
3038.0,2511.0,2922.0,4095.0,3354.0,3492.0,4095.0,4095.0,-1.46,9.62,5.69,0.02,-0.02,-0.16,0.0,f
3049.0,2507.0,2928.0,4095.0,3360.0,3483.0,4095.0,4095.0,-1.51,9.61,5.76,0.01,0.02,-0.17,0.0,f
3035.0,2509.0,2923.0,4095.0,3351.0,3487.0,4095.0,4095.0,-1.64,9.58,5.73,-0.0,-0.0,-0.17,0.0,f
3053.0,2507.0,2923.0,4095.0,3358.0,3490.0,4095.0,4095.0,-1.58,9.64,5.82,0.02,-0.03,-0.16,0.0,f
3052.0,2499.0,2921.0,4095.0,3356.0,3494.0,4095.0,4095.0,-1.6,9.55,5.81,0.02,0.02,-0.16,0.0,f
3038.0,2496.0,2924.0,4095.0,3364.0,3475.0,4095.0,4095.0,-1.72,9.62,5.78,0.03,-0.03,-0.16,0.0,f
3041.0,2273.0,2933.0,4023.0,3318.0,3543.0,4095.0,4095.0,-1.45,9.63,5.59,0.02,0.02,-0.12,0.0,f
3056.0,2278.0,2927.0,4026.0,3307.0,3547.0,4095.0,4095.0,-1.27,9.54,5.6,0.04,-0.02,-0.17,0.0,f
3059.0,2283.0,2925.0,4021.0,3326.0,3549.0,4095.0,4095.0,-1.4,9.62,5.56,0.04,0.01,-0.16,0.0,f
3045.0,2274.0,2928.0,4047.0,3312.0,3542.0,4095.0,4095.0,-1.51,9.56,5.51,0.04,-0.02,-0.17,0.0,f
3056.0,2281.0,2928.0,4068.0,3329.0,3563.0,4095.0,4095.0,-1.49,9.78,5.47,0.02,0.0,-0.12,0.0,f
3047.0,2265.0,2933.0,4064.0,3325.0,3536.0,4095.0,4095.0,-1.3,9.65,5.61,0.02,-0.01,-0.14,0.0,f
3049.0,2272.0,2928.0,4066.0,3325.0,3547.0,4095.0,4095.0,-1.35,9.7,5.52,-0.02,0.02,-0.12,0.0,f
3053.0,2272.0,2931.0,4042.0,3318.0,3541.0,4095.0,4095.0,-1.32,9.65,5.6,0.04,0.0,-0.18,0.0,f
3041.0,2283.0,2943.0,4078.0,3314.0,3553.0,4095.0,4095.0,-1.42,9.66,5.46,-0.02,0.0,-0.13,0.0,f
3039.0,2304.0,2923.0,4092.0,3343.0,3565.0,4095.0,4095.0,-1.41,9.67,5.51,-0.0,0.01,-0.14,0.0,f
3043.0,2309.0,2928.0,4089.0,3334.0,3549.0,4095.0,4095.0,-1.37,9.59,5.6,-0.02,-0.02,-0.14,0.0,f
3045.0,2283.0,2942.0,4095.0,3337.0,3567.0,4095.0,4095.0,-1.43,9.69,5.64,0.01,-0.0,-0.17,0.0,f
3054.0,2288.0,2932.0,4095.0,3339.0,3558.0,4095.0,4095.0,-1.42,9.6,5.58,-0.01,-0.01,-0.15,0.0,f
3044.0,2269.0,2928.0,4087.0,3336.0,3559.0,4095.0,4095.0,-1.35,9.71,5.66,0.0,-0.01,-0.15,0.0,f
3044.0,2278.0,2925.0,4095.0,3341.0,3554.0,4095.0,4095.0,-1.34,9.57,5.71,0.02,0.0,-0.16,0.0,f
3039.0,2283.0,2939.0,4094.0,3333.0,3552.0,4095.0,4095.0,-1.51,9.65,5.53,0.01,-0.01,-0.16,0.0,f
3046.0,2288.0,2928.0,4095.0,3344.0,3551.0,4095.0,4095.0,-1.44,9.62,5.58,0.01,0.0,-0.16,0.0,f
3060.0,2277.0,2942.0,4095.0,3342.0,3559.0,4095.0,4095.0,-1.43,9.65,5.6,0.0,-0.02,-0.15,0.0,f
3038.0,2266.0,2928.0,4095.0,3342.0,3567.0,4095.0,4095.0,-1.4,9.64,5.65,0.02,0.03,-0.16,0.0,f
3040.0,2260.0,2922.0,4087.0,3328.0,3555.0,4095.0,4095.0,-1.5,9.63,5.58,-0.01,-0.01,-0.15,0.0,f
3039.0,2374.0,2928.0,4029.0,3411.0,3503.0,4095.0,4095.0,-1.31,9.81,5.76,-0.09,-0.03,-0.09,0.0,f
3050.0,2381.0,2923.0,4019.0,3418.0,3494.0,4095.0,4095.0,-1.33,9.69,5.79,0.06,0.0,-0.21,0.0,f
3041.0,2381.0,2935.0,4020.0,3411.0,3490.0,4095.0,4095.0,-1.69,9.65,5.13,0.06,0.05,-0.19,0.0,f
3051.0,2371.0,2917.0,4021.0,3418.0,3483.0,4095.0,4095.0,-1.64,9.68,5.06,0.04,-0.04,-0.17,0.0,f
3046.0,2368.0,2928.0,4029.0,3423.0,3485.0,4095.0,4095.0,-1.54,9.62,5.27,-0.02,-0.03,-0.19,0.0,f
3045.0,2363.0,2923.0,4007.0,3415.0,3486.0,4095.0,4095.0,-1.7,9.69,5.36,0.01,-0.02,-0.18,0.0,f
3051.0,2352.0,2940.0,4024.0,3430.0,3491.0,4095.0,4095.0,-1.53,9.65,5.34,0.0,-0.02,-0.18,0.0,f
3042.0,2343.0,2926.0,4032.0,3417.0,3493.0,4095.0,4095.0,-1.79,9.68,5.46,0.02,-0.0,-0.18,0.0,f
3038.0,2333.0,2913.0,4032.0,3421.0,3491.0,4095.0,4095.0,-1.79,9.57,5.5,0.03,0.01,-0.14,0.0,f
3039.0,2334.0,2930.0,4011.0,3415.0,3472.0,4095.0,4095.0,-1.71,9.55,5.36,0.02,-0.01,-0.14,0.0,f
3039.0,2334.0,2928.0,3999.0,3429.0,3490.0,4095.0,4095.0,-1.81,9.66,5.31,0.07,-0.0,-0.14,0.0,f
3034.0,2341.0,2924.0,4021.0,3407.0,3501.0,4095.0,4095.0,-1.56,9.63,5.29,0.02,0.03,-0.09,0.0,f
3050.0,2346.0,2928.0,4020.0,3437.0,3487.0,4095.0,4095.0,-1.6,9.69,5.19,0.04,-0.01,-0.14,0.0,f
3049.0,2330.0,2935.0,4013.0,3436.0,3489.0,4095.0,4095.0,-1.28,9.68,5.07,-0.04,-0.06,-0.08,0.0,f
3042.0,2335.0,2930.0,4023.0,3408.0,3489.0,4095.0,4095.0,-1.3,9.71,5.44,0.01,-0.01,-0.23,0.0,f
3038.0,2332.0,2935.0,4010.0,3421.0,3489.0,4095.0,4095.0,-1.97,9.6,5.26,0.02,0.02,-0.19,0.0,f
3044.0,2324.0,2929.0,4009.0,3427.0,3475.0,4095.0,4095.0,-1.88,9.66,5.17,0.02,-0.04,-0.15,0.0,f
3049.0,2318.0,2928.0,4011.0,3420.0,3479.0,4095.0,4095.0,-1.44,9.56,5.58,-0.02,0.01,-0.11,0.0,f
3051.0,2320.0,2916.0,4018.0,3411.0,3485.0,4095.0,4095.0,-1.71,9.7,5.25,0.03,0.04,-0.17,0.0,f
3047.0,2315.0,2934.0,4019.0,3419.0,3487.0,4095.0,4095.0,-1.75,9.62,5.15,0.04,0.03,-0.13,0.0,f
3046.0,2542.0,2930.0,4006.0,3393.0,3371.0,4095.0,4095.0,-2.15,9.93,5.01,0.05,0.05,-0.07,0.0,f
3050.0,2537.0,2927.0,4025.0,3392.0,3370.0,4095.0,4095.0,-1.74,9.85,5.08,-0.03,-0.05,-0.09,0.0,f
3038.0,2544.0,2919.0,4025.0,3409.0,3377.0,4095.0,4095.0,-2.04,9.72,5.23,0.01,0.08,-0.13,0.0,f
3055.0,2535.0,2927.0,4011.0,3409.0,3376.0,4095.0,4095.0,-1.68,9.59,5.07,-0.02,-0.05,-0.1,0.0,f
3053.0,2533.0,2925.0,4023.0,3411.0,3391.0,4095.0,4095.0,-1.79,9.65,4.89,0.02,0.02,-0.22,0.0,f
3045.0,2515.0,2935.0,4037.0,3405.0,3392.0,4095.0,4095.0,-2.13,9.52,5.15,-0.01,0.02,-0.16,0.0,f
3047.0,2511.0,2929.0,4047.0,3414.0,3377.0,4095.0,4095.0,-1.87,9.6,5.37,0.0,-0.05,-0.16,0.0,f
3043.0,2497.0,2927.0,4051.0,3419.0,3387.0,4095.0,4095.0,-1.96,9.62,5.23,0.01,0.03,-0.15,0.0,f
3051.0,2501.0,2927.0,4043.0,3412.0,3392.0,4095.0,4095.0,-2.11,9.59,5.24,0.04,0.04,-0.15,0.0,f
3043.0,2501.0,2921.0,4081.0,3413.0,3393.0,4095.0,4095.0,-1.85,9.62,4.94,0.02,-0.06,-0.13,0.0,f
3041.0,2489.0,2927.0,4058.0,3415.0,3387.0,4095.0,4095.0,-1.92,9.61,5.15,-0.02,0.07,-0.11,0.0,f
3055.0,2489.0,2926.0,4070.0,3406.0,3395.0,4095.0,4095.0,-1.87,9.59,5.32,-0.01,-0.02,-0.12,0.0,f
3038.0,2473.0,2927.0,4070.0,3419.0,3398.0,4095.0,4095.0,-1.85,9.6,5.33,0.04,0.03,-0.16,0.0,f
3045.0,2471.0,2923.0,4048.0,3418.0,3402.0,4095.0,4095.0,-2.14,9.56,4.9,0.02,0.03,-0.16,0.0,f
3040.0,2463.0,2930.0,4055.0,3422.0,3381.0,4095.0,4095.0,-1.86,9.66,4.99,-0.02,-0.04,-0.12,0.0,f
3051.0,2464.0,2928.0,4079.0,3420.0,3394.0,4095.0,4095.0,-1.7,9.55,5.45,-0.04,0.02,-0.11,0.0,f
3045.0,2459.0,2918.0,4059.0,3414.0,3394.0,4095.0,4095.0,-1.85,9.66,5.37,0.03,-0.0,-0.13,0.0,f
3043.0,2466.0,2928.0,4067.0,3415.0,3403.0,4095.0,4095.0,-1.86,9.57,5.07,0.05,-0.01,-0.18,0.0,f
3035.0,2458.0,2926.0,4065.0,3422.0,3403.0,4095.0,4095.0,-1.96,9.67,4.94,0.03,0.0,-0.12,0.0,f
3042.0,2461.0,2931.0,4069.0,3440.0,3392.0,4095.0,4095.0,-1.64,9.58,5.16,-0.01,-0.04,-0.11,0.0,f
3036.0,2473.0,2925.0,4089.0,3398.0,3557.0,4095.0,4095.0,-1.33,9.73,5.31,0.04,0.01,-0.18,0.0,f
3056.0,2454.0,2922.0,4095.0,3381.0,3541.0,4095.0,4095.0,-1.4,9.64,5.29,-0.02,-0.06,-0.18,0.0,f
3039.0,2431.0,2921.0,4095.0,3376.0,3549.0,4095.0,4095.0,-1.48,9.7,5.42,0.07,0.04,-0.19,0.0,f
3046.0,2416.0,2928.0,4095.0,3382.0,3542.0,4095.0,4095.0,-1.56,9.66,5.28,0.05,-0.04,-0.2,0.0,f
3030.0,2434.0,2928.0,4095.0,3393.0,3542.0,4095.0,4095.0,-1.47,9.76,5.2,0.06,0.04,-0.14,0.0,f
3043.0,2419.0,2927.0,4095.0,3392.0,3541.0,4095.0,4095.0,-1.44,9.68,5.27,0.02,-0.02,-0.14,0.0,f
3042.0,2416.0,2933.0,4095.0,3393.0,3547.0,4095.0,4095.0,-1.46,9.79,5.27,0.02,0.04,-0.14,0.0,f
3037.0,2447.0,2928.0,4095.0,3398.0,3535.0,4095.0,4095.0,-1.38,9.7,5.18,0.04,-0.01,-0.15,0.0,f
3044.0,2450.0,2930.0,4095.0,3408.0,3550.0,4095.0,4095.0,-1.37,9.7,5.21,0.02,-0.0,-0.15,0.0,f
3037.0,2442.0,2935.0,4095.0,3396.0,3549.0,4095.0,4095.0,-1.35,9.71,5.1,0.01,0.03,-0.14,0.0,f
3038.0,2411.0,2933.0,4095.0,3411.0,3561.0,4095.0,4095.0,-1.42,9.76,5.13,0.01,-0.01,-0.17,0.0,f
3042.0,2425.0,2928.0,4095.0,3411.0,3559.0,4095.0,4095.0,-1.43,9.72,5.18,0.01,0.01,-0.14,0.0,f
3039.0,2421.0,2935.0,4095.0,3403.0,3553.0,4095.0,4095.0,-1.42,9.72,5.3,0.0,-0.0,-0.16,0.0,f
3043.0,2419.0,2928.0,4095.0,3406.0,3551.0,4095.0,4095.0,-1.45,9.67,5.26,0.02,-0.04,-0.15,0.0,f
3042.0,2441.0,2924.0,4095.0,3414.0,3563.0,4095.0,4095.0,-1.47,9.74,5.18,0.01,0.03,-0.14,0.0,f
3042.0,2438.0,2928.0,4095.0,3408.0,3553.0,4095.0,4095.0,-1.46,9.68,5.21,0.03,0.02,-0.15,0.0,f
3043.0,2437.0,2927.0,4095.0,3413.0,3559.0,4095.0,4095.0,-1.43,9.7,5.14,0.0,-0.0,-0.14,0.0,f
3041.0,2446.0,2928.0,4095.0,3409.0,3569.0,4095.0,4095.0,-1.35,9.69,5.19,0.02,-0.01,-0.16,0.0,f
3056.0,2445.0,2930.0,4095.0,3405.0,3553.0,4095.0,4095.0,-1.39,9.71,5.1,-0.0,0.01,-0.14,0.0,f
3037.0,2435.0,2931.0,4095.0,3408.0,3565.0,4095.0,4095.0,-1.35,9.68,5.18,-0.01,-0.02,-0.17,0.0,f
3050.0,2041.0,2926.0,4039.0,3331.0,3559.0,4095.0,4095.0,-1.36,9.71,5.13,-0.01,-0.0,-0.16,0.0,f
3049.0,2001.0,2923.0,4031.0,3344.0,3530.0,4095.0,4095.0,-1.38,9.61,5.3,0.02,-0.05,-0.18,0.0,f
3043.0,2032.0,2925.0,4030.0,3341.0,3549.0,4095.0,4095.0,-1.47,9.68,5.17,0.01,0.02,-0.16,0.0,f
3039.0,2023.0,2925.0,4049.0,3328.0,3549.0,4095.0,4095.0,-1.53,9.64,5.28,-0.0,0.0,-0.17,0.0,f
3042.0,2030.0,2929.0,4050.0,3333.0,3550.0,4095.0,4095.0,-1.42,9.67,5.26,-0.03,0.0,-0.14,0.0,f
3049.0,2064.0,2928.0,4030.0,3344.0,3551.0,4095.0,4095.0,-1.53,9.67,5.42,0.02,0.02,-0.17,0.0,f
3041.0,2063.0,2918.0,4053.0,3330.0,3541.0,4095.0,4095.0,-1.37,9.65,5.27,0.02,-0.03,-0.15,0.0,f
3042.0,2063.0,2922.0,4063.0,3327.0,3520.0,4095.0,4095.0,-1.51,9.7,5.27,0.02,0.03,-0.15,0.0,f
3046.0,2055.0,2928.0,4048.0,3344.0,3538.0,4095.0,4095.0,-1.36,9.71,5.17,0.03,-0.04,-0.15,0.0,f
3052.0,2006.0,2929.0,4032.0,3344.0,3546.0,4095.0,4095.0,-1.48,9.69,5.22,0.02,0.02,-0.16,0.0,f
3041.0,2025.0,2927.0,4049.0,3344.0,3547.0,4095.0,4095.0,-1.45,9.66,5.31,-0.0,-0.01,-0.14,0.0,f
3034.0,2030.0,2923.0,4050.0,3347.0,3535.0,4095.0,4095.0,-1.44,9.69,5.35,0.01,0.02,-0.13,0.0,f
3049.0,2027.0,2922.0,4046.0,3346.0,3530.0,4095.0,4095.0,-1.38,9.67,5.26,0.02,-0.01,-0.15,0.0,f
3056.0,2017.0,2915.0,4061.0,3341.0,3526.0,4095.0,4095.0,-1.48,9.74,5.2,0.02,0.0,-0.15,0.0,f
3042.0,2035.0,2923.0,4057.0,3356.0,3544.0,4095.0,4095.0,-1.44,9.7,5.25,0.02,-0.02,-0.15,0.0,f
3053.0,2033.0,2928.0,4048.0,3346.0,3532.0,4095.0,4095.0,-1.46,9.7,5.28,0.0,0.02,-0.15,0.0,f
3043.0,1999.0,2943.0,4077.0,3344.0,3546.0,4095.0,4095.0,-1.43,9.67,5.24,-0.01,-0.02,-0.15,0.0,f
3047.0,1968.0,2921.0,4084.0,3344.0,3543.0,4095.0,4095.0,-1.45,9.67,5.37,0.01,-0.0,-0.17,0.0,f
3031.0,1973.0,2917.0,4045.0,3346.0,3536.0,4095.0,4095.0,-1.42,9.67,5.25,0.01,-0.0,-0.14,0.0,f
3045.0,1973.0,2923.0,4055.0,3343.0,3536.0,4095.0,4095.0,-1.48,9.7,5.3,0.01,0.0,-0.15,0.0,f
3056.0,2365.0,2919.0,4095.0,3403.0,3507.0,4095.0,4095.0,-1.55,9.68,5.08,0.01,-0.01,-0.16,0.0,f
3048.0,2362.0,2921.0,4095.0,3407.0,3504.0,4095.0,4095.0,-1.47,9.74,5.14,-0.0,-0.02,-0.14,0.0,f
3050.0,2346.0,2919.0,4095.0,3403.0,3519.0,4095.0,4095.0,-1.36,9.75,5.4,0.01,-0.0,-0.15,0.0,f
3050.0,2351.0,2928.0,4095.0,3408.0,3509.0,4095.0,4095.0,-1.4,9.73,5.08,0.04,0.02,-0.16,0.0,f
3047.0,2341.0,2923.0,4095.0,3409.0,3495.0,4095.0,4095.0,-1.35,9.67,5.07,0.01,-0.01,-0.16,0.0,f
3045.0,2322.0,2918.0,4095.0,3419.0,3511.0,4095.0,4095.0,-1.43,9.73,5.16,-0.01,-0.0,-0.16,0.0,f
3047.0,2318.0,2925.0,4095.0,3401.0,3516.0,4095.0,4095.0,-1.46,9.68,5.3,0.03,-0.02,-0.16,0.0,f
3038.0,2301.0,2920.0,4095.0,3413.0,3505.0,4095.0,4095.0,-1.39,9.72,5.22,0.0,0.03,-0.14,0.0,f
3056.0,2299.0,2924.0,4095.0,3407.0,3516.0,4095.0,4095.0,-1.45,9.72,5.15,0.02,-0.03,-0.15,0.0,f
3047.0,2316.0,2927.0,4095.0,3423.0,3510.0,4095.0,4095.0,-1.37,9.68,5.07,0.0,0.02,-0.14,0.0,f
3050.0,2311.0,2926.0,4095.0,3421.0,3509.0,4095.0,4095.0,-1.39,9.71,5.18,-0.01,-0.04,-0.15,0.0,f
3052.0,2306.0,2928.0,4095.0,3422.0,3504.0,4095.0,4095.0,-1.41,9.68,5.19,0.0,0.01,-0.15,0.0,f
3042.0,2311.0,2912.0,4095.0,3411.0,3505.0,4095.0,4095.0,-1.42,9.68,5.23,0.01,-0.01,-0.16,0.0,f
3044.0,2309.0,2919.0,4095.0,3420.0,3514.0,4095.0,4095.0,-1.43,9.72,5.2,0.01,0.01,-0.14,0.0,f
3039.0,2291.0,2929.0,4095.0,3421.0,3521.0,4095.0,4095.0,-1.37,9.7,5.26,0.03,-0.01,-0.16,0.0,f
3040.0,2292.0,2927.0,4095.0,3411.0,3515.0,4095.0,4095.0,-1.39,9.68,5.18,0.01,-0.0,-0.13,0.0,f
3044.0,2261.0,2925.0,4095.0,3409.0,3515.0,4095.0,4095.0,-1.44,9.75,5.14,0.02,-0.01,-0.15,0.0,f
3056.0,2218.0,2928.0,4095.0,3409.0,3494.0,4095.0,4095.0,-1.42,9.67,5.17,-0.01,0.02,-0.12,0.0,f
3055.0,2170.0,2928.0,4095.0,3408.0,3489.0,4095.0,4095.0,-1.38,9.75,5.22,-0.01,-0.0,-0.14,0.0,f
3063.0,2174.0,2927.0,4095.0,3411.0,3487.0,4095.0,4095.0,-1.35,9.63,5.27,0.01,0.01,-0.15,0.0,f
3050.0,2501.0,2927.0,4095.0,3439.0,3521.0,4095.0,4095.0,-1.53,9.6,5.17,-0.03,0.03,-0.13,0.0,f
3050.0,2501.0,2927.0,4095.0,3439.0,3521.0,4095.0,4095.0,-1.53,9.6,5.17,-0.03,0.03,-0.13,0.0,f
3053.0,2513.0,2943.0,4095.0,3430.0,3493.0,4095.0,4095.0,-1.34,9.68,5.14,-0.02,-0.04,-0.16,0.0,f
3042.0,2493.0,2931.0,4095.0,3435.0,3503.0,4095.0,4095.0,-1.55,9.71,5.09,0.05,0.01,-0.17,0.0,f
3045.0,2493.0,2928.0,4095.0,3421.0,3520.0,4095.0,4095.0,-1.48,9.72,4.98,0.02,-0.01,-0.14,0.0,f
3041.0,2496.0,2935.0,4095.0,3426.0,3504.0,4095.0,4095.0,-1.44,9.69,5.06,-0.0,-0.02,-0.15,0.0,f
3053.0,2502.0,2928.0,4095.0,3443.0,3517.0,4095.0,4095.0,-1.59,9.66,5.17,0.01,-0.02,-0.14,0.0,f
3039.0,2499.0,2928.0,4090.0,3423.0,3523.0,4095.0,4095.0,-1.61,9.79,4.85,-0.0,-0.02,-0.04,0.0,f
3055.0,2511.0,2928.0,4035.0,3423.0,3546.0,4095.0,4095.0,-1.41,9.5,5.22,-0.08,0.09,-0.05,0.0,f
3042.0,2482.0,2927.0,4055.0,3442.0,3534.0,4095.0,4095.0,-1.27,9.8,5.06,0.03,-0.12,-0.18,0.0,f
3056.0,2494.0,2939.0,4081.0,3440.0,3553.0,4095.0,4095.0,-1.17,9.64,5.25,-0.01,0.03,-0.14,0.0,f
3053.0,2491.0,2930.0,4062.0,3438.0,3547.0,4095.0,4095.0,-1.28,9.72,5.16,0.02,-0.05,-0.18,0.0,f
3039.0,2497.0,2919.0,4087.0,3438.0,3546.0,4095.0,4095.0,-1.48,9.63,5.29,0.03,0.06,-0.16,0.0,f
3051.0,2481.0,2928.0,4076.0,3446.0,3555.0,4095.0,4095.0,-1.44,9.61,5.21,0.11,-0.09,-0.18,0.0,f
3039.0,2463.0,2938.0,4080.0,3435.0,3555.0,4095.0,4095.0,-1.42,9.68,5.06,0.03,0.04,-0.19,0.0,f
3050.0,2467.0,2921.0,4095.0,3441.0,3563.0,4095.0,4095.0,-1.53,9.81,4.96,0.04,0.01,-0.17,0.0,f
3057.0,2463.0,2925.0,4089.0,3446.0,3533.0,4095.0,4095.0,-1.4,9.67,4.98,0.0,0.01,-0.14,0.0,f
3039.0,2461.0,2933.0,4083.0,3442.0,3550.0,4095.0,4095.0,-1.44,9.72,5.09,0.01,-0.02,-0.15,0.0,f
3056.0,2477.0,2929.0,4095.0,3446.0,3552.0,4095.0,4095.0,-1.26,9.71,5.1,-0.01,0.0,-0.15,0.0,f
3038.0,2470.0,2942.0,4082.0,3455.0,3547.0,4095.0,4095.0,-1.46,9.74,5.13,0.03,-0.02,-0.17,0.0,f
3047.0,2651.0,2928.0,4091.0,3547.0,3631.0,4095.0,4095.0,-1.02,9.86,5.51,0.0,0.02,-0.14,0.0,f
3039.0,2630.0,2928.0,4072.0,3537.0,3625.0,4095.0,4095.0,-0.91,9.79,5.47,0.04,-0.06,-0.22,0.0,f
3035.0,2650.0,2943.0,4095.0,3507.0,3618.0,4095.0,4095.0,-1.01,9.79,5.33,0.04,0.02,-0.16,0.0,f
3050.0,2640.0,2928.0,4089.0,3522.0,3622.0,4095.0,4095.0,-1.13,9.72,5.31,0.01,0.03,-0.12,0.0,f
3039.0,2637.0,2935.0,4095.0,3552.0,3618.0,4095.0,4095.0,-0.87,9.81,5.38,-0.01,-0.05,-0.16,0.0,f
3042.0,2623.0,2935.0,4095.0,3549.0,3627.0,4095.0,4095.0,-1.01,9.65,5.76,-0.02,0.04,-0.14,0.0,f
3052.0,2624.0,2922.0,4095.0,3532.0,3634.0,4095.0,4095.0,-0.96,9.75,5.64,0.02,-0.02,-0.13,0.0,f
3050.0,2624.0,2938.0,4095.0,3535.0,3632.0,4095.0,4095.0,-0.98,9.68,5.48,0.04,0.03,-0.17,0.0,f
3054.0,2630.0,2935.0,4095.0,3523.0,3632.0,4095.0,4095.0,-1.02,9.74,5.4,0.02,-0.02,-0.13,0.0,f
3041.0,2617.0,2943.0,4095.0,3535.0,3622.0,4095.0,4095.0,-0.89,9.69,5.41,0.03,0.02,-0.15,0.0,f
3037.0,2628.0,2934.0,4095.0,3517.0,3621.0,4095.0,4095.0,-0.91,9.73,5.36,0.01,-0.01,-0.15,0.0,f
3038.0,2622.0,2928.0,4095.0,3524.0,3618.0,4095.0,4095.0,-0.91,9.77,5.41,0.01,0.01,-0.16,0.0,f
3041.0,2634.0,2943.0,4095.0,3521.0,3629.0,4095.0,4095.0,-0.97,9.71,5.43,-0.01,-0.03,-0.17,0.0,f
3043.0,2632.0,2928.0,4095.0,3513.0,3637.0,4095.0,4095.0,-1.01,9.77,5.54,0.01,-0.01,-0.15,0.0,f
3043.0,2627.0,2937.0,4095.0,3521.0,3614.0,4095.0,4095.0,-1.02,9.73,5.47,0.0,-0.0,-0.15,0.0,f
3049.0,2618.0,2925.0,4095.0,3536.0,3626.0,4095.0,4095.0,-1.01,9.76,5.5,0.02,0.01,-0.16,0.0,f
3053.0,2609.0,2929.0,4095.0,3504.0,3616.0,4095.0,4095.0,-0.99,9.71,5.49,0.01,-0.02,-0.17,0.0,f
3040.0,2621.0,2923.0,4095.0,3517.0,3627.0,4095.0,4095.0,-1.04,9.75,5.44,0.0,0.01,-0.15,0.0,f
3047.0,2618.0,2937.0,4095.0,3520.0,3600.0,4095.0,4095.0,-0.91,9.71,5.48,0.0,-0.02,-0.16,0.0,f
3054.0,2608.0,2931.0,4095.0,3506.0,3600.0,4095.0,4095.0,-1.07,9.72,5.48,0.01,0.03,-0.14,0.0,f
3049.0,2163.0,2921.0,4095.0,3433.0,3437.0,4095.0,4095.0,-1.38,9.88,4.93,-0.03,-0.03,-0.08,0.0,f
3035.0,2169.0,2928.0,4095.0,3441.0,3440.0,4095.0,4095.0,-1.22,9.79,5.38,-0.07,0.06,-0.1,0.0,f
3037.0,2160.0,2928.0,4090.0,3445.0,3434.0,4095.0,4095.0,-1.14,9.79,5.3,0.0,-0.06,-0.18,0.0,f
3041.0,2159.0,2927.0,4095.0,3440.0,3440.0,4095.0,4095.0,-1.26,9.78,5.21,0.01,0.05,-0.14,0.0,f
3040.0,2154.0,2926.0,4095.0,3434.0,3429.0,4095.0,4095.0,-1.3,9.62,5.29,-0.02,-0.07,-0.18,0.0,f
3039.0,2155.0,2929.0,4095.0,3449.0,3440.0,4095.0,4095.0,-1.41,9.71,5.39,-0.01,0.06,-0.15,0.0,f
3053.0,2134.0,2937.0,4095.0,3456.0,3448.0,4095.0,4095.0,-1.26,9.66,5.26,0.01,-0.07,-0.16,0.0,f
3047.0,2138.0,2936.0,4095.0,3443.0,3442.0,4095.0,4095.0,-1.28,9.81,5.2,0.03,0.06,-0.15,0.0,f
3050.0,2130.0,2923.0,4095.0,3435.0,3438.0,4095.0,4095.0,-1.32,9.59,5.2,-0.0,-0.04,-0.14,0.0,f
3040.0,2142.0,2929.0,4095.0,3440.0,3444.0,4095.0,4095.0,-1.12,9.73,5.31,0.0,0.0,-0.14,0.0,f
3053.0,2130.0,2934.0,4095.0,3439.0,3454.0,4095.0,4095.0,-1.25,9.7,5.3,0.02,-0.01,-0.16,0.0,f
3045.0,2133.0,2924.0,4095.0,3439.0,3449.0,4095.0,4095.0,-1.36,9.68,5.37,0.0,-0.01,-0.16,0.0,f
3041.0,2128.0,2928.0,4095.0,3442.0,3444.0,4095.0,4095.0,-1.4,9.7,5.41,0.01,0.01,-0.14,0.0,f
3055.0,2133.0,2921.0,4095.0,3456.0,3440.0,4095.0,4095.0,-1.31,9.68,5.32,0.02,-0.01,-0.14,0.0,f
3037.0,2112.0,2924.0,4083.0,3473.0,3440.0,4095.0,4095.0,-1.18,9.75,5.27,0.02,0.01,-0.13,0.0,f
3050.0,2101.0,2928.0,4095.0,3454.0,3427.0,4095.0,4095.0,-1.28,9.67,5.28,-0.01,0.02,-0.15,0.0,f
3056.0,2109.0,2933.0,4095.0,3456.0,3442.0,4095.0,4095.0,-1.23,9.73,5.39,0.02,-0.02,-0.16,0.0,f
3047.0,2098.0,2923.0,4095.0,3452.0,3446.0,4095.0,4095.0,-1.23,9.68,5.34,0.02,0.03,-0.14,0.0,f
3038.0,2095.0,2915.0,4095.0,3448.0,3442.0,4095.0,4095.0,-1.3,9.71,5.3,0.03,-0.04,-0.16,0.0,f
3047.0,2090.0,2932.0,4095.0,3455.0,3446.0,4095.0,4095.0,-1.15,9.75,5.28,0.03,-0.01,-0.15,0.0,f
3054.0,2242.0,2923.0,4095.0,3405.0,3515.0,4095.0,4095.0,-0.76,9.74,5.42,-0.01,-0.04,-0.2,0.0,f
3045.0,2217.0,2929.0,4095.0,3419.0,3510.0,4095.0,4095.0,-1.13,9.7,5.37,0.01,-0.02,-0.22,0.0,f
3056.0,2190.0,2925.0,4095.0,3423.0,3504.0,4095.0,4095.0,-1.55,9.7,5.2,0.05,0.02,-0.21,0.0,f
3044.0,2203.0,2941.0,4095.0,3403.0,3507.0,4095.0,4095.0,-1.42,9.78,4.97,-0.03,-0.05,-0.12,0.0,f
3044.0,2207.0,2927.0,4095.0,3414.0,3521.0,4095.0,4095.0,-1.0,9.69,5.45,-0.07,-0.06,-0.16,0.0,f
3042.0,2186.0,2929.0,4095.0,3419.0,3518.0,4095.0,4095.0,-1.17,9.64,5.49,-0.05,0.03,-0.19,0.0,f
3041.0,2167.0,2923.0,4095.0,3429.0,3502.0,4095.0,4095.0,-1.49,9.75,5.31,-0.03,0.1,-0.16,0.0,f
3043.0,2176.0,2922.0,4095.0,3419.0,3511.0,4095.0,4095.0,-1.5,9.58,5.94,-0.0,-0.05,-0.1,0.0,f
3031.0,2189.0,2936.0,4095.0,3425.0,3519.0,4095.0,4095.0,-0.98,9.66,5.66,0.04,-0.04,-0.15,0.0,f
3055.0,2193.0,2932.0,4095.0,3440.0,3504.0,4095.0,4095.0,-1.52,9.58,5.66,0.05,0.09,-0.17,0.0,f
3042.0,2181.0,2928.0,4095.0,3431.0,3511.0,4095.0,4095.0,-1.22,9.77,5.14,0.05,0.07,-0.12,0.0,f
3037.0,2209.0,2919.0,4095.0,3434.0,3516.0,4095.0,4095.0,-1.19,9.63,5.31,0.02,0.1,-0.12,0.0,f
3052.0,2193.0,2923.0,4095.0,3426.0,3495.0,4095.0,4095.0,-1.05,9.73,5.5,-0.0,-0.07,-0.12,0.0,f
3031.0,2192.0,2926.0,4095.0,3429.0,3493.0,4095.0,4095.0,-1.37,9.67,5.48,0.04,0.11,-0.13,0.0,f
3043.0,2169.0,2920.0,4095.0,3410.0,3510.0,4095.0,4095.0,-1.05,9.79,5.06,0.02,-0.05,-0.15,0.0,f
3056.0,2198.0,2930.0,4095.0,3426.0,3521.0,4095.0,4095.0,-1.14,9.69,5.53,-0.0,0.05,-0.15,0.0,f
3045.0,2192.0,2930.0,4095.0,3443.0,3504.0,4095.0,4095.0,-1.22,9.74,5.37,0.03,-0.06,-0.19,0.0,f
3046.0,2198.0,2934.0,4095.0,3424.0,3521.0,4095.0,4095.0,-1.37,9.7,5.32,0.04,0.03,-0.15,0.0,f
3046.0,2183.0,2938.0,4095.0,3428.0,3507.0,4095.0,4095.0,-1.22,9.66,5.35,-0.01,-0.03,-0.14,0.0,f
3041.0,2181.0,2927.0,4095.0,3440.0,3507.0,4095.0,4095.0,-1.24,9.73,5.41,0.02,-0.0,-0.16,0.0,f
3045.0,2529.0,2933.0,4095.0,3535.0,3517.0,4095.0,4095.0,-0.98,9.77,5.62,0.02,-0.0,-0.18,0.0,f
3043.0,2518.0,2938.0,4095.0,3517.0,3526.0,4095.0,4095.0,-0.9,9.73,5.84,0.01,-0.05,-0.13,0.0,f
3039.0,2515.0,2926.0,4095.0,3532.0,3537.0,4095.0,4095.0,-0.94,9.71,5.8,-0.01,0.0,-0.18,0.0,f
3050.0,2509.0,2929.0,4095.0,3522.0,3535.0,4095.0,4095.0,-1.1,9.65,5.69,0.04,0.0,-0.18,0.0,f
3050.0,2495.0,2941.0,4095.0,3517.0,3536.0,4095.0,4095.0,-1.07,9.63,5.71,0.0,-0.03,-0.16,0.0,f
3045.0,2497.0,2928.0,4095.0,3514.0,3536.0,4095.0,4095.0,-1.02,9.68,5.82,-0.02,0.0,-0.16,0.0,f
3058.0,2503.0,2933.0,4095.0,3515.0,3538.0,4095.0,4095.0,-1.07,9.67,5.89,-0.01,-0.01,-0.16,0.0,f
3050.0,2498.0,2935.0,4095.0,3519.0,3532.0,4095.0,4095.0,-1.03,9.69,5.83,0.02,0.01,-0.15,0.0,f
3039.0,2512.0,2931.0,4095.0,3530.0,3538.0,4095.0,4095.0,-1.03,9.66,5.82,-0.02,-0.04,-0.16,0.0,f
3037.0,2499.0,2944.0,4095.0,3513.0,3541.0,4095.0,4095.0,-1.04,9.68,5.82,0.0,0.02,-0.14,0.0,f
3045.0,2503.0,2931.0,4095.0,3508.0,3552.0,4095.0,4095.0,-0.99,9.63,5.85,-0.0,-0.03,-0.18,0.0,f
3049.0,2506.0,2942.0,4095.0,3511.0,3539.0,4095.0,4095.0,-1.06,9.69,5.82,-0.0,0.03,-0.15,0.0,f
3050.0,2498.0,2928.0,4095.0,3507.0,3538.0,4095.0,4095.0,-1.05,9.62,5.83,-0.01,-0.05,-0.17,0.0,f
3059.0,2483.0,2935.0,4095.0,3509.0,3552.0,4095.0,4095.0,-1.07,9.71,5.88,0.0,0.02,-0.16,0.0,f
3040.0,2483.0,2930.0,4095.0,3516.0,3539.0,4095.0,4095.0,-1.09,9.6,5.94,0.0,-0.01,-0.15,0.0,f
3052.0,2480.0,2930.0,4095.0,3531.0,3536.0,4095.0,4095.0,-1.03,9.71,5.89,0.02,-0.03,-0.17,0.0,f
3046.0,2477.0,2935.0,4095.0,3501.0,3539.0,4095.0,4095.0,-1.09,9.63,5.93,0.01,0.03,-0.14,0.0,f
3055.0,2469.0,2927.0,4095.0,3510.0,3549.0,4095.0,4095.0,-1.09,9.69,5.86,0.03,-0.04,-0.15,0.0,f
3033.0,2467.0,2942.0,4095.0,3509.0,3539.0,4095.0,4095.0,-1.07,9.64,5.87,0.02,0.02,-0.15,0.0,f
3045.0,2446.0,2927.0,4095.0,3505.0,3535.0,4095.0,4095.0,-1.13,9.72,5.82,0.04,-0.01,-0.14,0.0,f
3040.0,2224.0,2929.0,4066.0,3342.0,3440.0,4095.0,4095.0,-1.31,9.64,6.0,0.0,0.06,-0.14,0.0,f
3050.0,2240.0,2929.0,4055.0,3351.0,3466.0,4095.0,4095.0,-1.17,9.74,6.12,0.03,-0.02,-0.15,0.0,f
3055.0,2239.0,2931.0,4050.0,3345.0,3455.0,4095.0,4095.0,-1.25,9.61,5.98,0.02,0.06,-0.14,0.0,f
3047.0,2218.0,2933.0,4051.0,3335.0,3470.0,4095.0,4095.0,-1.16,9.67,5.86,0.04,-0.05,-0.17,0.0,f
3054.0,2217.0,2931.0,4080.0,3332.0,3477.0,4095.0,4095.0,-1.19,9.61,5.9,0.01,0.07,-0.14,0.0,f
3031.0,2247.0,2929.0,4090.0,3347.0,3459.0,4095.0,4095.0,-1.21,9.68,5.93,0.02,-0.04,-0.16,0.0,f
3045.0,2257.0,2925.0,4049.0,3338.0,3471.0,4095.0,4095.0,-1.12,9.59,5.95,0.02,0.02,-0.14,0.0,f
3055.0,2288.0,2925.0,4076.0,3344.0,3472.0,4095.0,4095.0,-1.22,9.68,5.94,0.03,0.01,-0.15,0.0,f
3034.0,2287.0,2937.0,4063.0,3367.0,3458.0,4095.0,4095.0,-1.13,9.64,5.83,0.03,-0.07,-0.13,0.0,f
3054.0,2309.0,2923.0,4070.0,3349.0,3472.0,4095.0,4095.0,-1.21,9.63,5.97,0.03,0.05,-0.14,0.0,f
3037.0,2278.0,2930.0,4048.0,3347.0,3473.0,4095.0,4095.0,-1.01,9.66,5.89,0.01,-0.04,-0.17,0.0,f
3043.0,2263.0,2928.0,4048.0,3344.0,3474.0,4095.0,4095.0,-1.24,9.6,6.03,0.01,0.04,-0.15,0.0,f
3039.0,2285.0,2933.0,4054.0,3350.0,3470.0,4095.0,4095.0,-1.2,9.69,5.93,0.03,-0.04,-0.15,0.0,f
3040.0,2272.0,2928.0,4048.0,3353.0,3478.0,4095.0,4095.0,-1.31,9.61,5.9,0.03,0.02,-0.15,0.0,f
3046.0,2278.0,2918.0,4053.0,3349.0,3466.0,4095.0,4095.0,-1.07,9.68,5.88,0.01,-0.04,-0.14,0.0,f
3043.0,2270.0,2928.0,4081.0,3351.0,3456.0,4095.0,4095.0,-1.0,9.62,5.92,0.01,0.04,-0.14,0.0,f
3047.0,2269.0,2931.0,4051.0,3343.0,3466.0,4095.0,4095.0,-1.07,9.64,5.9,0.01,-0.0,-0.18,0.0,f
3053.0,2283.0,2928.0,4080.0,3354.0,3485.0,4095.0,4095.0,-1.22,9.65,5.82,0.01,0.0,-0.17,0.0,f
3054.0,2264.0,2934.0,4066.0,3344.0,3462.0,4095.0,4095.0,-1.24,9.62,6.0,0.02,-0.02,-0.15,0.0,f
3035.0,2267.0,2921.0,4051.0,3356.0,3462.0,4095.0,4095.0,-1.13,9.64,5.98,0.0,-0.01,-0.14,0.0,f
3037.0,2417.0,2917.0,4095.0,3401.0,3578.0,4095.0,4095.0,-1.24,9.59,5.65,-0.03,0.01,-0.14,0.0,f
3056.0,2416.0,2931.0,4095.0,3395.0,3581.0,4095.0,4095.0,-1.19,9.62,5.98,-0.03,0.02,-0.14,0.0,f
3045.0,2416.0,2926.0,4095.0,3403.0,3583.0,4095.0,4095.0,-1.22,9.59,5.98,0.04,-0.03,-0.18,0.0,f
3046.0,2395.0,2924.0,4095.0,3408.0,3580.0,4095.0,4095.0,-1.27,9.62,5.77,0.03,0.01,-0.15,0.0,f
3053.0,2382.0,2927.0,4095.0,3403.0,3559.0,4095.0,4095.0,-1.28,9.61,5.69,-0.0,-0.0,-0.15,0.0,f
3047.0,2376.0,2929.0,4095.0,3405.0,3574.0,4095.0,4095.0,-1.31,9.67,5.89,0.01,-0.02,-0.15,0.0,f
3033.0,2368.0,2925.0,4095.0,3403.0,3566.0,4095.0,4095.0,-1.26,9.61,5.93,0.0,0.03,-0.13,0.0,f
3047.0,2362.0,2923.0,4095.0,3398.0,3567.0,4095.0,4095.0,-1.24,9.69,5.93,0.04,-0.01,-0.17,0.0,f
3058.0,2375.0,2942.0,4095.0,3408.0,3565.0,4095.0,4095.0,-1.35,9.67,5.78,0.05,0.02,-0.17,0.0,f
3045.0,2368.0,2928.0,4095.0,3405.0,3569.0,4095.0,4095.0,-1.34,9.7,5.61,0.0,0.04,-0.11,0.0,f
3051.0,2374.0,2937.0,4095.0,3403.0,3568.0,4095.0,4095.0,-1.1,9.64,5.89,-0.01,0.01,-0.13,0.0,f
3051.0,2369.0,2928.0,4095.0,3408.0,3574.0,4095.0,4095.0,-1.05,9.64,5.96,-0.0,0.01,-0.14,0.0,f
3039.0,2375.0,2929.0,4095.0,3406.0,3566.0,4095.0,4095.0,-1.27,9.62,5.84,0.05,0.02,-0.2,0.0,f
3043.0,2362.0,2929.0,4095.0,3410.0,3568.0,4095.0,4095.0,-1.44,9.58,5.67,0.0,0.01,-0.16,0.0,f
3044.0,2357.0,2928.0,4095.0,3423.0,3558.0,4095.0,4095.0,-1.37,9.66,5.82,-0.02,0.02,-0.16,0.0,f
3045.0,2362.0,2925.0,4095.0,3411.0,3567.0,4095.0,4095.0,-1.27,9.61,5.83,-0.03,0.0,-0.13,0.0,f
3049.0,2346.0,2925.0,4095.0,3408.0,3568.0,4095.0,4095.0,-1.1,9.62,5.78,-0.01,-0.01,-0.16,0.0,f
3038.0,2325.0,2936.0,4095.0,3417.0,3560.0,4095.0,4095.0,-1.0,9.67,5.9,-0.04,-0.03,-0.19,0.0,f
3046.0,2317.0,2931.0,4095.0,3399.0,3574.0,4095.0,4095.0,-1.07,9.96,5.91,-0.07,0.0,-0.29,0.0,f
3041.0,2286.0,2933.0,4095.0,3406.0,3563.0,4095.0,4095.0,-1.44,9.59,5.94,-0.0,0.07,-0.2,0.0,f
3046.0,2448.0,2927.0,4095.0,3411.0,3439.0,4095.0,4095.0,-1.36,9.7,5.59,-0.0,-0.01,-0.18,0.0,f
3046.0,2443.0,2917.0,4095.0,3410.0,3429.0,4095.0,4095.0,-1.59,9.59,5.72,-0.04,0.01,-0.17,0.0,f
3049.0,2437.0,2916.0,4095.0,3409.0,3426.0,4095.0,4095.0,-1.61,9.67,5.78,-0.01,-0.02,-0.18,0.0,f
3056.0,2405.0,2921.0,4095.0,3415.0,3433.0,4095.0,4095.0,-1.54,9.66,5.77,-0.02,0.0,-0.14,0.0,f
3039.0,2399.0,2923.0,4095.0,3415.0,3426.0,4095.0,4095.0,-1.41,9.61,5.82,0.01,-0.01,-0.16,0.0,f
3053.0,2403.0,2929.0,4095.0,3413.0,3433.0,4095.0,4095.0,-1.49,9.63,5.82,0.01,0.02,-0.17,0.0,f
3039.0,2405.0,2926.0,4095.0,3430.0,3439.0,4095.0,4095.0,-1.61,9.62,5.7,0.03,0.01,-0.14,0.0,f
3041.0,2390.0,2935.0,4095.0,3414.0,3438.0,4095.0,4095.0,-1.4,9.66,5.62,0.02,-0.02,-0.14,0.0,f
3046.0,2380.0,2933.0,4095.0,3421.0,3434.0,4095.0,4095.0,-1.43,9.64,5.78,0.04,0.01,-0.14,0.0,f
3045.0,2385.0,2925.0,4095.0,3426.0,3427.0,4095.0,4095.0,-1.42,9.58,5.61,0.02,-0.0,-0.13,0.0,f
3054.0,2384.0,2928.0,4095.0,3428.0,3436.0,4095.0,4095.0,-1.53,9.69,5.6,0.02,0.02,-0.14,0.0,f
3045.0,2368.0,2928.0,4095.0,3422.0,3443.0,4095.0,4095.0,-1.45,9.65,5.62,0.03,-0.01,-0.13,0.0,f
3049.0,2357.0,2927.0,4095.0,3425.0,3443.0,4095.0,4095.0,-1.36,9.62,5.52,0.01,0.01,-0.1,0.0,f
3043.0,2348.0,2935.0,4095.0,3440.0,3438.0,4095.0,4095.0,-1.32,9.62,5.68,-0.01,-0.02,-0.16,0.0,f
3053.0,2329.0,2928.0,4095.0,3418.0,3430.0,4095.0,4095.0,-1.42,9.65,5.66,0.02,0.0,-0.15,0.0,f
3038.0,2320.0,2919.0,4095.0,3425.0,3449.0,4095.0,4095.0,-1.4,9.62,5.67,0.02,-0.01,-0.16,0.0,f
3037.0,2317.0,2931.0,4095.0,3432.0,3450.0,4095.0,4095.0,-1.51,9.63,5.65,0.01,0.01,-0.14,0.0,f
3051.0,2320.0,2924.0,4095.0,3419.0,3440.0,4095.0,4095.0,-1.39,9.63,5.63,0.0,-0.0,-0.15,0.0,f
3046.0,2318.0,2929.0,4095.0,3433.0,3459.0,4095.0,4095.0,-1.4,9.65,5.71,0.02,-0.01,-0.14,0.0,f
3041.0,2321.0,2931.0,4095.0,3434.0,3441.0,4095.0,4095.0,-1.39,9.7,5.65,-0.02,-0.02,-0.14,0.0,f
3041.0,2540.0,2931.0,4095.0,3489.0,3598.0,4095.0,4095.0,-1.06,9.55,5.92,-0.0,0.0,-0.14,0.0,f
3044.0,2542.0,2939.0,4095.0,3483.0,3570.0,4095.0,4095.0,-1.14,9.61,5.83,0.02,-0.02,-0.18,0.0,f
3045.0,2529.0,2928.0,4095.0,3487.0,3579.0,4095.0,4095.0,-1.2,9.64,5.91,0.0,0.02,-0.17,0.0,f
3041.0,2531.0,2921.0,4095.0,3477.0,3583.0,4095.0,4095.0,-1.23,9.63,5.93,0.04,-0.01,-0.17,0.0,f
3049.0,2524.0,2928.0,4095.0,3466.0,3562.0,4095.0,4095.0,-1.12,9.64,5.8,-0.0,-0.04,-0.14,0.0,f
3047.0,2510.0,2949.0,4095.0,3472.0,3581.0,4095.0,4095.0,-1.15,9.7,6.0,0.01,-0.0,-0.16,0.0,f
3046.0,2527.0,2928.0,4095.0,3467.0,3566.0,4095.0,4095.0,-1.09,9.56,5.99,0.02,0.01,-0.13,0.0,f
3039.0,2523.0,2941.0,4095.0,3475.0,3567.0,4095.0,4095.0,-1.14,9.74,5.69,0.01,-0.0,-0.15,0.0,f
3051.0,2528.0,2929.0,4095.0,3470.0,3562.0,4095.0,4095.0,-1.21,9.58,5.85,0.01,-0.0,-0.16,0.0,f
3045.0,2518.0,2926.0,4095.0,3472.0,3562.0,4095.0,4095.0,-1.05,9.65,5.89,-0.0,-0.06,-0.18,0.0,f
3042.0,2518.0,2927.0,4095.0,3467.0,3561.0,4095.0,4095.0,-1.25,9.64,5.89,0.03,0.01,-0.19,0.0,f
3047.0,2521.0,2935.0,4095.0,3459.0,3547.0,4095.0,4095.0,-1.32,9.62,5.81,-0.01,-0.01,-0.12,0.0,f
3043.0,2519.0,2935.0,4095.0,3458.0,3536.0,4095.0,4095.0,-1.07,9.61,5.99,0.01,-0.02,-0.19,0.0,f
3055.0,2524.0,2931.0,4095.0,3471.0,3538.0,4095.0,4095.0,-1.24,9.63,5.99,0.01,0.03,-0.14,0.0,f
3055.0,2528.0,2935.0,4095.0,3459.0,3559.0,4095.0,4095.0,-1.18,9.62,5.84,0.03,-0.0,-0.16,0.0,f
3043.0,2514.0,2935.0,4095.0,3467.0,3550.0,4095.0,4095.0,-1.14,9.66,5.85,0.02,-0.01,-0.14,0.0,f
3056.0,2533.0,2941.0,4095.0,3471.0,3541.0,4095.0,4095.0,-1.2,9.57,5.98,0.02,0.02,-0.14,0.0,f
3050.0,2529.0,2931.0,4095.0,3467.0,3551.0,4095.0,4095.0,-1.18,9.6,5.98,0.03,-0.01,-0.16,0.0,f
3063.0,2526.0,2939.0,4095.0,3472.0,3546.0,4095.0,4095.0,-1.21,9.6,5.9,0.01,0.04,-0.14,0.0,f
3054.0,2535.0,2925.0,4095.0,3476.0,3529.0,4095.0,4095.0,-1.3,9.67,5.87,0.02,-0.02,-0.16,0.0,f
